description;url;price;stars;reviews_num
SAMSUNG 13.3” Galaxy Book2 Pro Laptop Computer, i5 / 8GB / 256GB, 12th Gen Intel Core Processor, Evo Certified, Lightweight, 2022 Model, Graphite;https://www.amazon.com/gp/slredirect/picassoRedirect.html/ref=pa_sp_atf_aps_sr_pg1_1?ie=UTF8&adId=A03920411WR385WRC9O2M&qualifier=1671914985&id=1217841455447275&widgetName=sp_atf&url=%2FSAMSUNG-Computer-Processor-Certified-Lightweight%2Fdp%2FB09R8YJB9W%2Fref%3Dsr_1_1_sspa%3Fcrid%3D2JUKYBAPLWFUW%26keywords%3Dlaptop%26qid%3D1671914985%26sr%3D8-1-spons%26psc%3D1;799;4.2 out of 5 stars;7
GKDY Portable Monitor, 15.6'' FHD 1080P IPS Laptop Monitor Computer Display Gaming Monitor with Dual Full Function USB Type-C & HDMI, External Travel Monitor for Laptop PC Phone Mac PS4 Xbox Switch;https://www.amazon.com/gp/slredirect/picassoRedirect.html/ref=pa_sp_atf_aps_sr_pg1_1?ie=UTF8&adId=A101675115ST8M7ACYLMH&qualifier=1671914985&id=1217841455447275&widgetName=sp_atf&url=%2FGKDY-Portable-Computer-Function-External%2Fdp%2FB0BGRF3BQP%2Fref%3Dsr_1_2_sspa%3Fcrid%3D2JUKYBAPLWFUW%26keywords%3Dlaptop%26qid%3D1671914985%26sr%3D8-2-spons%26psc%3D1;129;;
"Lenovo 2022 Newest Ideapad 3 Laptop, 15.6"" HD Touchscreen, 11th Gen Intel Core i3-1115G4 Processor, 8GB DDR4 RAM, 256GB PCIe NVMe SSD, HDMI, Webcam, Wi-Fi 5, Bluetooth, Windows 11 Home, Almond";https://www.amazon.com/Lenovo-Ideapad-Touchscreen-i3-1005G1-Processor/dp/B08B6F1NNR/ref=sr_1_3?crid=2JUKYBAPLWFUW&keywords=laptop&qid=1671914985&sr=8-3;409;4.4 out of 5 stars;1,400
"Acer Aspire 5 A515-56-32DK Slim Laptop - 15.6"" Full HD IPS Display - 11th Gen Intel i3-1115G4 Dual Core Processor - 4GB DDR4 - 128GB NVMe SSD - WiFi 6 - Amazon Alexa - Windows 11 Home in S mode.";https://www.amazon.com/Acer-A515-56-32DK-Display-i3-1115G4-Processor/dp/B09R5VYRVN/ref=sr_1_4?crid=2JUKYBAPLWFUW&keywords=laptop&qid=1671914985&sr=8-4;278;4.3 out of 5 stars;3,515
"Acer Aspire 5 A515-46-R3UB | 15.6"" Full HD IPS Display | AMD Ryzen 3 3350U Quad-Core Mobile Processor | 4GB DDR4 | 128GB NVMe SSD | WiFi 6 | Backlit KB | FPR | Amazon Alexa | Windows 11 Home in S mode";https://www.amazon.com/Acer-A515-46-R3UB-Display-Quad-Core-Processor/dp/B09HVC79PC/ref=sr_1_5?crid=2JUKYBAPLWFUW&keywords=laptop&qid=1671914985&sr=8-5;378;4.5 out of 5 stars;38,970
"ASUS TUF Gaming F15 Gaming Laptop, 15.6"" 144Hz FHD IPS-Type Display, Intel Core i5-10300H Processor, GeForce GTX 1650, 8GB DDR4 RAM, 512GB PCIe SSD, Wi-Fi 6, Windows 11 Home, FX506LH-AS51";https://www.amazon.com/ASUS-IPS-Type-i5-10300H-Processor-FX506LH-AS51/dp/B09SVQ25XH/ref=sr_1_6?crid=2JUKYBAPLWFUW&keywords=laptop&qid=1671914985&sr=8-6;709;4.5 out of 5 stars;660
Eyoyo Portable Monitor, Small Monitor 10.5 inch USB C Monitor FHD 1920x1280 Second Monitor for Laptop 100% SRGB Portable IPS Display HDMI Gaming Monitor;https://www.amazon.com/gp/slredirect/picassoRedirect.html/ref=pa_sp_mtf_aps_sr_pg1_1?ie=UTF8&adId=A0280306KFT4M1WKS2BO&qualifier=1671914985&id=1217841455447275&widgetName=sp_mtf&url=%2FEyoyo-Portable-Monitor-1920x1280-Display%2Fdp%2FB0B4JJ3PGW%2Fref%3Dsr_1_7_sspa%3Fcrid%3D2JUKYBAPLWFUW%26keywords%3Dlaptop%26qid%3D1671914985%26sr%3D8-7-spons%26psc%3D1;129;4.6 out of 5 stars;9
ASUS Laptop L210 11.6” ultra thin, Intel Celeron N4020 Processor, 4GB RAM, 64GB eMMC storage, Windows 10 Home in S mode with One Year of Office 365 Personal, L210MA-DB01;https://www.amazon.com/ASUS-Processor-NumberPad-Microsoft-L210MA-DB01/dp/B081V6W99V/ref=sr_1_8?crid=2JUKYBAPLWFUW&keywords=laptop&qid=1671914985&sr=8-8;151;4.3 out of 5 stars;7,785
Apple 2019 MacBook Pro (16-inch, 16GB RAM, 512GB Storage, 2.6GHz Intel Core i7) - Silver;https://www.amazon.com/Apple-MacBook-16-Inch-Storage-2-6GHz/dp/B081FWLDZ2/ref=sr_1_11?crid=2JUKYBAPLWFUW&keywords=laptop&qid=1671914985&sr=8-11;2,399.;4.7 out of 5 stars;4,933
NIUTO Portable Monitor 144hz 17.3 100% sRGB FHD HDR IPS 1920x1080 VESA Ultra-Slim Screen Dual Speakers with Type-C Mini HDMI for Laptop Phone PC Switch ps5 Xbox MacBook Mac Mini;https://www.amazon.com/gp/slredirect/picassoRedirect.html/ref=pa_sp_mtf_aps_sr_pg1_1?ie=UTF8&adId=A06099091JUSBA9OSZTXT&qualifier=1671914985&id=1217841455447275&widgetName=sp_mtf&url=%2FNIUTO-Portable-1920x1080-Ultra-Slim-Speakers%2Fdp%2FB0BJ2PLZKL%2Fref%3Dsr_1_12_sspa%3Fcrid%3D2JUKYBAPLWFUW%26keywords%3Dlaptop%26qid%3D1671914985%26sr%3D8-12-spons%26psc%3D1;179;5.0 out of 5 stars;5
"Lenovo - 2022 - IdeaPad 3i - Essential Laptop Computer - Intel Core i5 12th Gen - 15.6"" FHD Display - 8GB Memory - 512GB Storage - Windows 11 Pro";https://www.amazon.com/Lenovo-IdeaPad-Essential-Computer-i5-15-6/dp/B09RNC69K8/ref=sr_1_13?crid=2JUKYBAPLWFUW&keywords=laptop&qid=1671914985&sr=8-13;583;4.5 out of 5 stars;211
ASUS L410 MA-DB02 Ultra Thin Laptop, 14” FHD Display, Intel Celeron N4020 Processor, 4GB RAM, 64GB Storage, NumberPad, Windows 10 Home in S Mode, Star Black;https://www.amazon.com/ASUS-Display-Processor-NumberPad-L410MA-DB02/dp/B08D92T45H/ref=sr_1_16?crid=2JUKYBAPLWFUW&keywords=laptop&qid=1671914985&sr=8-16;249;4.3 out of 5 stars;681
Steam Deck Dock, NUXOA 【Aluminum Alloy】 6-in-1 Docking Station with HDMI 2.0 Upgraded 4K@HD, Gigabit Ethernet, 3 USB 3.0 Port and USB-C PD Port, Steam Deck Accessories for Valve Stream Deck;https://www.amazon.com/gp/slredirect/picassoRedirect.html/ref=pa_sp_btf_aps_sr_pg1_1?ie=UTF8&adId=A0428828629SXFDPE9IR&qualifier=1671914985&id=1217841455447275&widgetName=sp_btf&url=%2FNUXOA-%25E3%2580%2590Aluminum-Upgraded-Ethernet-Accessories%2Fdp%2FB0BLVBY561%2Fref%3Dsr_1_22_sspa%3Fcrid%3D2JUKYBAPLWFUW%26keywords%3Dlaptop%26qid%3D1671914985%26sr%3D8-22-spons%26psc%3D1;39;5.0 out of 5 stars;1
ADAM elements USB-C Stand Hub / Laptop Docking Station – CASA Hub Stand 5in1 Multiport Stand Hub for Mac , iPad & Laptop Series- USB-A 3.1 Gen1 x3, USB-C PD, HDMI;https://www.amazon.com/gp/slredirect/picassoRedirect.html/ref=pa_sp_atf_next_aps_sr_pg2_1?ie=UTF8&adId=A04163161D2CMK3UQ2A25&qualifier=1671914995&id=7634387244360997&widgetName=sp_atf_next&url=%2FADAM-elements-Stand-Hub-Docking%2Fdp%2FB09L1BJ2GM%2Fref%3Dsr_1_17_sspa%3Fcrid%3D2JUKYBAPLWFUW%26keywords%3Dlaptop%26qid%3D1671914995%26sr%3D8-17-spons%26psc%3D1;115;4.8 out of 5 stars;5
"WAVLINK Adjustable Laptop Stand with 360 Rotating Base, Ergonomic Laptop Holder,Extensible & Folding and Easy Storage,Computer Riser for Collaborative Work,Fit for MacBook/All Laptops up 10-17""";https://www.amazon.com/gp/slredirect/picassoRedirect.html/ref=pa_sp_atf_next_aps_sr_pg2_1?ie=UTF8&adId=A03214061JMYB76H6RIG4&qualifier=1671914995&id=7634387244360997&widgetName=sp_atf_next&url=%2FWAVLINK-Adjustable-Ergonomic-Extensible-Collaborative%2Fdp%2FB0BHSXMTRN%2Fref%3Dsr_1_18_sspa%3Fcrid%3D2JUKYBAPLWFUW%26keywords%3Dlaptop%26qid%3D1671914995%26sr%3D8-18-spons%26psc%3D1;59;4.6 out of 5 stars;17
"Acer Nitro 5 AN515-57-79TD Gaming Laptop | Intel Core i7-11800H | NVIDIA GeForce RTX 3050 Ti Laptop GPU | 15.6"" FHD 144Hz IPS Display | 8GB DDR4 | 512GB NVMe SSD | Killer Wi-Fi 6 | Backlit Keyboard";https://www.amazon.com/Acer-AN515-57-79TD-i7-11800H-GeForce-Keyboard/dp/B09R65RN43/ref=sr_1_19?crid=2JUKYBAPLWFUW&keywords=laptop&qid=1671914995&sr=8-19;759;4.5 out of 5 stars;4,933
"Lenovo - 2022 - IdeaPad 1i - Browse Laptop Computer - Intel Core i3 - 14.0"" HD Display - 4GB Memory - 128GB Storage - Windows 11 in S Mode";https://www.amazon.com/Lenovo-IdeaPad-Computer-i3-14-0-Display/dp/B09YWPDCP6/ref=sr_1_26?crid=2JUKYBAPLWFUW&keywords=laptop&qid=1671914995&sr=8-26;328;4.2 out of 5 stars;39
SH Projector Stand Mobile Projector and Laptop Stand Projector Presentation Trolley with 3 Universal Wheels Adjustable Height 31.1'' to 57'' for Book Music Notes Sound Media DJ Equipment;https://www.amazon.com/gp/slredirect/picassoRedirect.html/ref=pa_sp_mtf_aps_sr_pg2_1?ie=UTF8&adId=A0719736220UE70DEC708&qualifier=1671914995&id=7634387244360997&widgetName=sp_mtf&url=%2FSH-Projector-Presentation-Universal-Adjustable%2Fdp%2FB0B6N6TF5F%2Fref%3Dsr_1_27_sspa%3Fcrid%3D2JUKYBAPLWFUW%26keywords%3Dlaptop%26qid%3D1671914995%26sr%3D8-27-spons%26psc%3D1;59;4.3 out of 5 stars;26
KBREE Aluminum Alloy Laptop Stand, Lifting and Foldable Desktop Riser with Cooling Function for Tablet Support, Adjustable, Multi-Angle Notebook Riser ,Compatible with All Laptop 10-15.6 Inches-Grey;https://www.amazon.com/gp/slredirect/picassoRedirect.html/ref=pa_sp_mtf_aps_sr_pg2_1?ie=UTF8&adId=A09709482EP5O2V2ZEOKX&qualifier=1671914995&id=7634387244360997&widgetName=sp_mtf&url=%2FKBREE-Adjustable-Multi-Angle-Compatible-Inches-Grey%2Fdp%2FB0B49PFLMT%2Fref%3Dsr_1_28_sspa%3Fcrid%3D2JUKYBAPLWFUW%26keywords%3Dlaptop%26qid%3D1671914995%26sr%3D8-28-spons%26psc%3D1;22;4.3 out of 5 stars;2
Acer Aspire 5 A515-46-R3CZ Laptop- | 15.6' FHD IPS | AMD Ryzen 7 3700U Processor- | 8GB DDR4 | 256GB SSD | WiFi 6 | Windows 11 Home Acer Wireless and 15.6' Bundle;https://www.amazon.com/Acer-A515-46-R3CZ-Laptop-Processor-Wireless/dp/B0B9KRRB8Z/ref=sr_1_35?crid=2JUKYBAPLWFUW&keywords=laptop&qid=1671914995&sr=8-35;519;;
USB C Docking Station Dual Displayport for 4K Triple Display, 15 in 1 USB C Dock with 2 DP, HDMI,100W PD Charging,10Gbps USB C/A,3*USB A 3.0, 2 USB 2.0, RJ45,Audio/Mic, Compatible for Lenovo/Dell/HP;https://www.amazon.com/gp/slredirect/picassoRedirect.html/ref=pa_sp_btf_aps_sr_pg2_1?ie=UTF8&adId=A00837982B3AMHUJ3ZRYW&qualifier=1671914995&id=7634387244360997&widgetName=sp_btf&url=%2FDocking-Station-DisplayPort-Charging-Compatible%2Fdp%2FB0B4D5SSKF%2Fref%3Dsr_1_37_sspa%3Fcrid%3D2JUKYBAPLWFUW%26keywords%3Dlaptop%26qid%3D1671914995%26sr%3D8-37-spons%26psc%3D1%26smid%3DA3S0WYJ8BTVFSS;89;4.0 out of 5 stars;18
HP 14 Laptop, AMD 3000 Series Processor, 32GB RAM, 1TB Storage, 14-inch Micro-Edge HD Display, Long Battery Life, Webcam, Thin & Portable, Windows 10 + One Year of Office365, Rose Gold;https://www.amazon.com/gp/slredirect/picassoRedirect.html/ref=pa_sp_btf_aps_sr_pg2_1?ie=UTF8&adId=A03027303TWP0F0PG7JB7&qualifier=1671914995&id=7634387244360997&widgetName=sp_btf&url=%2FHP-Laptop-Processor-Micro-Edge-Office365%2Fdp%2FB0BN6YKQ6L%2Fref%3Dsr_1_38_sspa%3Fcrid%3D2JUKYBAPLWFUW%26keywords%3Dlaptop%26qid%3D1671914995%26sr%3D8-38-spons%26psc%3D1%26smid%3DA2HR3WADFB8IU9;499;5.0 out of 5 stars;2
UPERFECT QLED Portable Monitor, 15.6’’ 100% DCI-P3 10 Bit 500 Nits Q1 USB C Monitor, FHD 1920x1080 Ultra-Wide Extended Screen, Frameless Ultra-Slim 1.16lb Lightweight and Travel Friendly;https://www.amazon.com/gp/slredirect/picassoRedirect.html/ref=pa_sp_atf_next_aps_sr_pg3_1?ie=UTF8&adId=A07364043RP03JRNQ8QGB&qualifier=1671914998&id=3542279861659576&widgetName=sp_atf_next&url=%2FPortable-Monitor-UPERFECT-Brightness-1920x1080%2Fdp%2FB08CVQ5SD9%2Fref%3Dsr_1_33_sspa%3Fcrid%3D2JUKYBAPLWFUW%26keywords%3Dlaptop%26qid%3D1671914998%26sr%3D8-33-spons%26psc%3D1%26smid%3DA1ORVD78NXGBF7;249;4.6 out of 5 stars;507
New 20V 9A 180W 6.0x3.7mm ADP-180TB H AC Adapter for Asus ROG Zephyrus GA502DU GA502D GA502 GA502IU GA401 GA401I GA401II GA401IV Laptop Power Supply;https://www.amazon.com/gp/slredirect/picassoRedirect.html/ref=pa_sp_atf_next_aps_sr_pg3_1?ie=UTF8&adId=A02712549BS46OEB01W6&qualifier=1671914998&id=3542279861659576&widgetName=sp_atf_next&url=%2F6-0x3-7mm-ADP-180TB-Adapter-Zephyrus-GA502DU%2Fdp%2FB09TBHQTF5%2Fref%3Dsr_1_34_sspa%3Fcrid%3D2JUKYBAPLWFUW%26keywords%3Dlaptop%26qid%3D1671914998%26sr%3D8-34-spons%26psc%3D1;41;4.2 out of 5 stars;17
ASUS VivoBook S15 S533 Thin and Light Laptop, 15.6” FHD Display, Intel Core i5-1135G7, 8GB DDR4 RAM, 512GB PCIe SSD, Wi-Fi 6, Windows 10 Home, AI noise-cancellation, Dreamy White, S533EA-DH51-WH;https://www.amazon.com/ASUS-VivoBook-i5-1135G7-Processor-S533EA-DH51-WH/dp/B08KH9RN5L/ref=sr_1_37?crid=2JUKYBAPLWFUW&keywords=laptop&qid=1671914998&sr=8-37;746;4.5 out of 5 stars;309
"ASUS Chromebook C203XA Rugged & Spill Resistant Laptop, 11.6"" HD, 180 Degree, MediaTek Quad-Core Processor, 4GB RAM, 32GB eMMC, MIL-STD 810G Durability, Dark Grey, Education, Chrome OS, C203XA-YS02-GR";https://www.amazon.com/ASUS-Chromebook-Resistant-Durability-C203XA-YS02-GR/dp/B07YXZ1CP3/ref=sr_1_39?crid=2JUKYBAPLWFUW&keywords=laptop&qid=1671914998&sr=8-39;119;4.3 out of 5 stars;196
Stone New 5420,7224,5424 M.2 NVME SSD Caddy Bracket for Dell Lattiude Rugged Laptop;https://www.amazon.com/gp/slredirect/picassoRedirect.html/ref=pa_sp_mtf_aps_sr_pg3_1?ie=UTF8&adId=A01254092TGE6EWSLLQZY&qualifier=1671914998&id=3542279861659576&widgetName=sp_mtf&url=%2FStone-Bracket-Lattiude-Rugged-Laptop%2Fdp%2FB0BKGB3MDJ%2Fref%3Dsr_1_43_sspa%3Fcrid%3D2JUKYBAPLWFUW%26keywords%3Dlaptop%26qid%3D1671914998%26sr%3D8-43-spons%26psc%3D1;99;;
USB 3.0 Flash Drive 64GB , High-Speed Memory Stick, Multi-Function Flash Drive, Portable Pen Drive Work for Car Audio Systems, Laptops, Mac OS, Tablets, TVs, Gaming Consoles.;https://www.amazon.com/gp/slredirect/picassoRedirect.html/ref=pa_sp_mtf_aps_sr_pg3_1?ie=UTF8&adId=A0612269W5AH8TB88ZTQ&qualifier=1671914998&id=3542279861659576&widgetName=sp_mtf&url=%2FHigh-Speed-Multi-Function-Portable-Systems-Consoles%2Fdp%2FB0BNDJZK4Q%2Fref%3Dsr_1_44_sspa%3Fcrid%3D2JUKYBAPLWFUW%26keywords%3Dlaptop%26qid%3D1671914998%26sr%3D8-44-spons%26psc%3D1;6;;
ASUS ROG Strix Scar 15 (2022) Gaming Laptop, 15.6” 300Hz IPS FHD Display, NVIDIA GeForce RTX 3070 Ti,Intel Core i9 12900H, Windows 11, Microsoft 365 Family | 15-Month Subscription | PC Download;https://www.amazon.com/ASUS-Microsoft-15-Month-Subscription-Download/dp/B09Z7NPK6H/ref=sr_1_46?crid=2JUKYBAPLWFUW&keywords=laptop&qid=1671914998&sr=8-46;2,089.;4.6 out of 5 stars;357
ROG Zephyrus G14 Alan Walker Special Edition Gaming Laptop, 14” 120Hz Pantone Validated WQHD Display, GeForce RTX 3050 Ti, AMD Ryzen 9 5900HS, 16GB DDR4, 1TB SSD, Wi-Fi 6, Windows 10, GA401QEC-K2064T;https://www.amazon.com/Zephyrus-Special-Pantone-Validated-GA401QEC-K2064T/dp/B09VS7971V/ref=sr_1_50?crid=2JUKYBAPLWFUW&keywords=laptop&qid=1671914998&sr=8-50;1,228.;4.1 out of 5 stars;33
AYKLCZUU Laptop Stand, Computer Stand, Computer Stand for Laptop, Adjustable Laptop Stand, Adjustable Computer Stand, Ergonomic Laptop Stand, Laptop Computer Stand for 10 to 17 Inch Laptops (Silver);https://www.amazon.com/gp/slredirect/picassoRedirect.html/ref=pa_sp_btf_aps_sr_pg3_1?ie=UTF8&adId=A00596183V6CNB8QFF6AK&qualifier=1671914998&id=3542279861659576&widgetName=sp_btf&url=%2FLaptop-Computer-Adjustable-Ergonomic-Laptops%2Fdp%2FB09XJSRCK8%2Fref%3Dsr_1_53_sspa%3Fcrid%3D2JUKYBAPLWFUW%26keywords%3Dlaptop%26qid%3D1671914998%26sr%3D8-53-spons%26psc%3D1%26smid%3DA2CLCYF3CYUCXB;19;4.5 out of 5 stars;88
SABRENT Universal Laptop Docking Station with Stand for Tablets and Notebooks Supports PC (DS-RICA);https://www.amazon.com/gp/slredirect/picassoRedirect.html/ref=pa_sp_btf_aps_sr_pg3_1?ie=UTF8&adId=A041842475WWS77YWXDS&qualifier=1671914998&id=3542279861659576&widgetName=sp_btf&url=%2FSabrent-Universal-Notebooks-Supports-DS-RICA%2Fdp%2FB013WQWCEA%2Fref%3Dsr_1_54_sspa%3Fcrid%3D2JUKYBAPLWFUW%26keywords%3Dlaptop%26qid%3D1671914998%26sr%3D8-54-spons%26psc%3D1%26smid%3DA29Y8OP2GPR7PE;99;4.3 out of 5 stars;1,296
"Video Conference Lighting, 5"" Ring Light for Computer Clip on Ring Light Monitor Laptop Light for Zoom Meetings/Webcam Lighting/Video Lighting/Live Streaming";https://www.amazon.com/gp/slredirect/picassoRedirect.html/ref=pa_sp_atf_next_aps_sr_pg4_1?ie=UTF8&adId=A04053853NP173QP4MGJ8&qualifier=1671915003&id=7061254006147833&widgetName=sp_atf_next&url=%2FConference-Lighting-Computer-Meetings-Streaming%2Fdp%2FB0BMGBQ2CK%2Fref%3Dsr_1_49_sspa%3Fcrid%3D2JUKYBAPLWFUW%26keywords%3Dlaptop%26qid%3D1671915003%26sr%3D8-49-spons%26psc%3D1;11;4.9 out of 5 stars;14
CoStySee Vertical Laptop Stand, Adjustable Leather Desktop Laptop Holder (Up to 17.3 inch) Fit for MacBook/Chromebook/Surface/Gaming Laptops (Apricot);https://www.amazon.com/gp/slredirect/picassoRedirect.html/ref=pa_sp_atf_next_aps_sr_pg4_1?ie=UTF8&adId=A08093231WZRHYVNAJA7W&qualifier=1671915003&id=7061254006147833&widgetName=sp_atf_next&url=%2FCoStySee-Vertical-Adjustable-Leather-Chromebook%2Fdp%2FB0BK8TYVYT%2Fref%3Dsr_1_50_sspa%3Fcrid%3D2JUKYBAPLWFUW%26keywords%3Dlaptop%26qid%3D1671915003%26sr%3D8-50-spons%26psc%3D1;31;;
ASUS Vivobook Go 15 L510 Thin & Light Laptop Computer, 15.6” FHD Display, Intel Celeron N4020 Processor, 4GB RAM, 64GB Storage, Windows 11 Home in S Mode, 1 Year Microsoft 365, Star Black, L510MA-AS02;https://www.amazon.com/ASUS-Vivobook-Processor-Microsoft-L510MA-AS02/dp/B09SVR5VD4/ref=sr_1_52?crid=2JUKYBAPLWFUW&keywords=laptop&qid=1671915003&sr=8-52;206;4.2 out of 5 stars;442
ASUS VivoBook Flip 14 Thin and Light 2-in-1 Laptop, 14” FHD Touch Display, AMD Ryzen 7 5700U, 8GB RAM, 512GB SSD, Stylus, Windows 10 Home, Fingerprint Reader, Bespoke Black, TM420UA-DS71T;https://www.amazon.com/ASUS-VivoBook-Display-Fingerprint-TM420UA-DS71T/dp/B091XRXRNP/ref=sr_1_53?crid=2JUKYBAPLWFUW&keywords=laptop&qid=1671915003&sr=8-53;849;4.5 out of 5 stars;206
100W Laptop Charger for ASUS ROG: A20-100P1A 20V 5A Type-C USB-C AC Adapter Power Supply for ASUS ROG Flow X13 Z13 GV301 GZ301 G533QM GA401QM GA503QM GX703HS ZenBook 14X 14 UX425QA UM425QA UM5401QA;https://www.amazon.com/gp/slredirect/picassoRedirect.html/ref=pa_sp_mtf_aps_sr_pg4_1?ie=UTF8&adId=A02855873KMM1KYZ52WJ9&qualifier=1671915003&id=7061254006147833&widgetName=sp_mtf&url=%2F100W-Laptop-Charger-ASUS-ROG%2Fdp%2FB0BBZHNMV8%2Fref%3Dsr_1_59_sspa%3Fcrid%3D2JUKYBAPLWFUW%26keywords%3Dlaptop%26qid%3D1671915003%26sr%3D8-59-spons%26psc%3D1;79;3.6 out of 5 stars;3
TOUCAN Pro Streaming Camera, Streaming Webcam, Gaming Camera, Conference Camera, 1080p 60fps Webcam with Microphone for Zoom, Facetime, PC or Mac;https://www.amazon.com/gp/slredirect/picassoRedirect.html/ref=pa_sp_mtf_aps_sr_pg4_1?ie=UTF8&adId=A0632869NL5SCXC473D9&qualifier=1671915003&id=7061254006147833&widgetName=sp_mtf&url=%2FStreaming-Conferencing-Broadcasting-Omnidirectional-Microphone%2Fdp%2FB09X29LPRV%2Fref%3Dsr_1_60_sspa%3Fcrid%3D2JUKYBAPLWFUW%26keywords%3Dlaptop%26qid%3D1671915003%26sr%3D8-60-spons%26psc%3D1%26smid%3DAH915Q9C02E6D;59;4.9 out of 5 stars;16
"EXCaliberPC 2022 MSI Vector GP76 12UHSO-893 (i9-12900H, 64GB RAM, 2TB NVMe SSD, RTX 3080Ti 16GB, 17.3"" QHD 240Hz 3ms, Windows 11) Gaming Laptop";https://www.amazon.com/EXCaliberPC-Vector-GP76-12UHSO-893-i9-12900H/dp/B0BG4NHR94/ref=sr_1_61?crid=2JUKYBAPLWFUW&keywords=laptop&qid=1671915003&sr=8-61;2,999.;;
"Lenovo Chromebook C330 2-in-1 Convertible Laptop, 11.6"" HD Display, MediaTek MT8173C, 4GB RAM, 64GB Storage, Chrome OS, Blizzard White";https://www.amazon.com/Lenovo-Chromebook-Convertible-11-6-Inch-81HY0000US/dp/B07GM2J11Q/ref=sr_1_63?crid=2JUKYBAPLWFUW&keywords=laptop&qid=1671915003&sr=8-63;209;4.5 out of 5 stars;10,749
ASUS Laptop L210 11.6” Ultra Thin, Intel Celeron N4020 Processor, 4GB RAM, 64GB eMMC Storage, Windows 10 Home in S Mode with One Year of Office 365 Personal, L210MA-DB02,Star Black;https://www.amazon.com/ASUS-Celeron-Processor-Personal-L210MA-DB02/dp/B09HX29TPY/ref=sr_1_65?crid=2JUKYBAPLWFUW&keywords=laptop&qid=1671915003&sr=8-65;167;4.2 out of 5 stars;508
"ASUS Chromebook C403 Rugged & Spill Resistant Laptop, 14.0"" HD, 180 Degree, Intel Celeron N3350 Processor, 4GB RAM, 32GB eMMC, MIL-STD 810G Durability, Dark Blue, Education, Chrome OS, C403NA-WS42-BL";https://www.amazon.com/ASUS-Chromebook-Resistant-Durability-C403NA-WS42-BL/dp/B09S5X4RZM/ref=sr_1_67?crid=2JUKYBAPLWFUW&keywords=laptop&qid=1671915003&sr=8-67;151;4.3 out of 5 stars;72
240W Charger for MSI Delta 15 15 A5EFK 15001 MSI GS66 GF66 GL66 Msi Laptop Power Supply;https://www.amazon.com/gp/slredirect/picassoRedirect.html/ref=pa_sp_btf_aps_sr_pg4_1?ie=UTF8&adId=A03889217Q08397EBH26&qualifier=1671915003&id=7061254006147833&widgetName=sp_btf&url=%2FCharger-Delta-A5EFK-Laptop-Supply%2Fdp%2FB0BDXL2Y5X%2Fref%3Dsr_1_69_sspa%3Fcrid%3D2JUKYBAPLWFUW%26keywords%3Dlaptop%26qid%3D1671915003%26sr%3D8-69-spons%26psc%3D1;116;;
KingSpec 512GB M.2 2242 NVMe SSD - Read Speed up to 3500 MB/s, M.2 PCIe 3.0x4 SSD 3D NAND Flash, Compatible with PC/Desktop/Laptop (2242, 512GB);https://www.amazon.com/gp/slredirect/picassoRedirect.html/ref=pa_sp_btf_aps_sr_pg4_1?ie=UTF8&adId=A01256413BF7U0TQY78ZJ&qualifier=1671915003&id=7061254006147833&widgetName=sp_btf&url=%2FKingSpec-512GB-M-2-2242-NVMe%2Fdp%2FB0BMPZG3NY%2Fref%3Dsr_1_70_sspa%3Fcrid%3D2JUKYBAPLWFUW%26keywords%3Dlaptop%26qid%3D1671915003%26sr%3D8-70-spons%26psc%3D1;59;4.5 out of 5 stars;44
Uprite Ergo Sit2Stand Standing Desk Converter – Dual Monitor Mount - Silver/White;https://www.amazon.com/gp/slredirect/picassoRedirect.html/ref=pa_sp_atf_next_aps_sr_pg5_1?ie=UTF8&adId=A09354633RQZCLWSCW23D&qualifier=1671915007&id=1718251229436470&widgetName=sp_atf_next&url=%2FUprite-Ergo-Sit2Stand-Adjustable-Workstation%2Fdp%2FB01ETSJ6O4%2Fref%3Dsr_1_65_sspa%3Fcrid%3D2JUKYBAPLWFUW%26keywords%3Dlaptop%26qid%3D1671915007%26sr%3D8-65-spons%26psc%3D1;399;4.3 out of 5 stars;62
Charger Fit for Lenovo 20V 8.5A 170W Slim AC Adapter, Lenovo Thinkpad ADL170NLC2A ADL170NLC3A W540 W541 T540P Gen 1 2 3 4 Lenovo 135W AC Adapter 4X20E50558 888015027 Thinkpad X1 Extreme P1 P15v T15p;https://www.amazon.com/gp/slredirect/picassoRedirect.html/ref=pa_sp_atf_next_aps_sr_pg5_1?ie=UTF8&adId=A054390239QILDQASXAIC&qualifier=1671915007&id=1718251229436470&widgetName=sp_atf_next&url=%2FCharger-Thinkpad-Ideapad-ADL170NLC3A-ADL135NLC3A%2Fdp%2FB09VZDFSNC%2Fref%3Dsr_1_66_sspa%3Fcrid%3D2JUKYBAPLWFUW%26keywords%3Dlaptop%26qid%3D1671915007%26sr%3D8-66-spons%26psc%3D1;26;1.0 out of 5 stars;1
"ASUS TUF Gaming A15 (2022) Gaming Laptop, 15.6"" 300Hz FHD Display, AMD Ryzen 7 6800H CPU, GeForce RTX 3060 GPU, 16GB DDR5 RAM, 512GB PCIe SSD, Wi-Fi 6, Windows 11 Home, Mecha Gray, FA507RM-ES73";https://www.amazon.com/ASUS-Display-GeForce-Windows-FA507RM-ES73/dp/B0B7QZSFS3/ref=sr_1_69?crid=2JUKYBAPLWFUW&keywords=laptop&qid=1671915007&sr=8-69;1,430.;4.6 out of 5 stars;211
"ASUS Chromebook CX1, 11.6"" HD NanoEdge Display, Intel Celeron N3350 Processor, 32GB eMMC,  4GB RAM, Chrome OS, Transparent Silver, CX1100CNA-AS42";https://www.amazon.com/ASUS-Chromebook-Spill-resistant-Transparent-CX1100CNA-AS42/dp/B08XTB1NNH/ref=sr_1_74?crid=2JUKYBAPLWFUW&keywords=laptop&qid=1671915007&sr=8-74;122;4.2 out of 5 stars;1,196
Laptop Cooling Pad Ultra-Slim Portable Design with Dual Fan Cooling for 10-16 inch Laptops and Gaming Laptops Designed for Laptops;https://www.amazon.com/gp/slredirect/picassoRedirect.html/ref=pa_sp_mtf_aps_sr_pg5_1?ie=UTF8&adId=A0498851FTZE2EXITZMN&qualifier=1671915007&id=1718251229436470&widgetName=sp_mtf&url=%2FCooling-Ultra-Slim-Portable-Laptops-Designed%2Fdp%2FB096XJRX5C%2Fref%3Dsr_1_75_sspa%3Fcrid%3D2JUKYBAPLWFUW%26keywords%3Dlaptop%26qid%3D1671915007%26sr%3D8-75-spons%26psc%3D1;13;4.2 out of 5 stars;68
CoStySee Vertical Laptop Stand, Adjustable Leather Desktop Laptop Holder (Up to 17.3 inch) Fit for MacBook/Chromebook/Surface/Gaming Laptops (Black);https://www.amazon.com/gp/slredirect/picassoRedirect.html/ref=pa_sp_mtf_aps_sr_pg5_1?ie=UTF8&adId=A024842627SBZ4B2GEGBX&qualifier=1671915007&id=1718251229436470&widgetName=sp_mtf&url=%2FCoStySee-Vertical-Adjustable-Leather-Chromebook%2Fdp%2FB0BK8XKCD7%2Fref%3Dsr_1_76_sspa%3Fcrid%3D2JUKYBAPLWFUW%26keywords%3Dlaptop%26qid%3D1671915007%26sr%3D8-76-spons%26psc%3D1;31;;
ASUS Vivobook S 14 Flip 14” WUXGA 16:10 touch, AMD Ryzen 5 5600H CPU, 8GB RAM, 512GB SSD, NumberPad, FingerPrint, Windows 11 Home, Quiet Blue, TN3402QA-AS54T;https://www.amazon.com/Asus-Vivobook-Flip-WUXGA-TN3402QA-AS54T/dp/B09T5QWMD8/ref=sr_1_80?crid=2JUKYBAPLWFUW&keywords=laptop&qid=1671915007&sr=8-80;659;4.4 out of 5 stars;22
HP 14 Laptop, AMD 3000 Series Processor, 32GB RAM, 1TB Storage, 14-inch Micro-Edge HD Display, Long Battery Life, Webcam, Thin & Portable, Windows 10 + One Year of Office365, Rose Gold;https://www.amazon.com/HP-Laptop-Processor-Micro-Edge-Office365/dp/B0BN6YKQ6L/ref=sr_1_83?crid=2JUKYBAPLWFUW&keywords=laptop&qid=1671915007&sr=8-83;499;5.0 out of 5 stars;2
ASUS ZenBook Pro Duo 15 OLED UX582 Laptop, 15.6” OLED 4K Touch Display, Intel Core i9-12900H, 32GB, 1TB, GeForce RTX 3060 Laptop GPU, ScreenPad Plus, Windows 11 Pro, Celestial Blue, UX582ZM-XS99T;https://www.amazon.com/ASUS-i9-12900H-ScreenPad-Celestial-UX582ZM-XS99T/dp/B0B1T9DBJJ/ref=sr_1_84?crid=2JUKYBAPLWFUW&keywords=laptop&qid=1671915007&sr=8-84;2,826.;4.0 out of 5 stars;6
"HEYZONE Vertical Laptop Stand, Laptop Holder Vertical Aluminum Alloy 3 in 1 Gravity Laptop Dock Stand Auto Locking,Fits All MacBook/iPad/Surface/Chromebook/Gaming Laptops(Up to 17""),Space Gray";https://www.amazon.com/gp/slredirect/picassoRedirect.html/ref=pa_sp_btf_aps_sr_pg5_1?ie=UTF8&adId=A00948021472BQ0D8G8Y8&qualifier=1671915007&id=1718251229436470&widgetName=sp_btf&url=%2FHEYZONE-Vertical-Aluminum-Gravity-Chromebook%2Fdp%2FB0BN7WNF3X%2Fref%3Dsr_1_85_sspa%3Fcrid%3D2JUKYBAPLWFUW%26keywords%3Dlaptop%26qid%3D1671915007%26sr%3D8-85-spons%26psc%3D1;33;;
New Slim Style 240W 180W AC Adapter Charger for Dell Precision 7710 7730 7520 Dell Alienware Laptop Charger Power Supply Cord;https://www.amazon.com/gp/slredirect/picassoRedirect.html/ref=pa_sp_btf_aps_sr_pg5_1?ie=UTF8&adId=A04754631BYLHPRZN3OG2&qualifier=1671915007&id=1718251229436470&widgetName=sp_btf&url=%2FAdapter-Charger-Precision-Alienware-Laptop%2Fdp%2FB09TP53S6R%2Fref%3Dsr_1_86_sspa%3Fcrid%3D2JUKYBAPLWFUW%26keywords%3Dlaptop%26qid%3D1671915007%26sr%3D8-86-spons%26psc%3D1;99;5.0 out of 5 stars;3
100W USB C Charger - Fast Charging Block GaN PD 3.0 USB Wall Charger Multiport Power Adapter: 4 Ports USB C Laptop Cell Phone Charging Station for MacBook Pro Air iPhone 14/13/12 Pro Max iPad Samsung;https://www.amazon.com/gp/slredirect/picassoRedirect.html/ref=pa_sp_atf_next_aps_sr_pg6_1?ie=UTF8&adId=A0678372YIGADAV5AVL6&qualifier=1671915011&id=5270796681533880&widgetName=sp_atf_next&url=%2F100W-USB-Charger-Charging-Multiport%2Fdp%2FB0B7B9K8DT%2Fref%3Dsr_1_81_sspa%3Fcrid%3D2JUKYBAPLWFUW%26keywords%3Dlaptop%26qid%3D1671915011%26sr%3D8-81-spons%26psc%3D1;52;4.5 out of 5 stars;18
USB C Dock, 9-in-1 USB C Hub with USB C Ports PD Charging, 4K HDMI, VGA, USB 3.0, Gigabit Ethernet, SD/TF Card Reader for MacBook, iPad, Dell, Chromebook, Computer, Laptop, Smartphone and More;https://www.amazon.com/gp/slredirect/picassoRedirect.html/ref=pa_sp_atf_next_aps_sr_pg6_1?ie=UTF8&adId=A08693262P7NKSQV2PCB7&qualifier=1671915011&id=5270796681533880&widgetName=sp_atf_next&url=%2FPERFEKT-Docking-Station-MacBook-Ethernet%2Fdp%2FB07S9RMFCG%2Fref%3Dsr_1_82_sspa%3Fcrid%3D2JUKYBAPLWFUW%26keywords%3Dlaptop%26qid%3D1671915011%26sr%3D8-82-spons%26psc%3D1;38;4.3 out of 5 stars;3
"ASUS VivoBook 15 F515 Laptop, 15.6"" FHD Display, Intel i3-1115G4 CPU, 8GB DDR4 RAM, 128GB SSD, Windows 11 Home in S Mode, Slate Grey, F515EA-AH34";https://www.amazon.com/ASUS-VivoBook-Display-i3-1115G4-F515EA-AH34/dp/B09LC9JWW8/ref=sr_1_85?crid=2JUKYBAPLWFUW&keywords=laptop&qid=1671915011&sr=8-85;365;4.4 out of 5 stars;240
Lenovo N22 80SF0001US 11.6inch Chromebook Intel Celeron N3050 1.60 GHz, 4GB RAM, 16GB SSD Drive, Chrome OS (Renewed);https://www.amazon.com/Lenovo-80SF0001US-Chromebook-Certified-Refurbished/dp/B073RPYFY3/ref=sr_1_89?crid=2JUKYBAPLWFUW&keywords=laptop&qid=1671915011&sr=8-89;64;4.1 out of 5 stars;992
UKELALA Green Wired Headphones for Boys Portable On Ear Youth Headphones for School Airplane Travel Lightweight Portable Compatible with Pad Computer Laptop for Adults Student Children Girls Kids;https://www.amazon.com/gp/slredirect/picassoRedirect.html/ref=pa_sp_mtf_aps_sr_pg6_1?ie=UTF8&adId=A101841222E3M3JUPY6JU&qualifier=1671915011&id=5270796681533880&widgetName=sp_mtf&url=%2FUKELALA-Headphones-Portable-Lightweight-Compatible%2Fdp%2FB0BKZSN18C%2Fref%3Dsr_1_91_sspa%3Fcrid%3D2JUKYBAPLWFUW%26keywords%3Dlaptop%26qid%3D1671915011%26sr%3D8-91-spons%26psc%3D1;9;;
Easy On/Off Magnetic Gold Privacy Screen Filter,Compatible with MacBook Air 13.6 Inch 2022 (M2)-Anti Glare Screen;https://www.amazon.com/gp/slredirect/picassoRedirect.html/ref=pa_sp_mtf_aps_sr_pg6_1?ie=UTF8&adId=A0360833U7AOXDCERGPD&qualifier=1671915011&id=5270796681533880&widgetName=sp_mtf&url=%2FMagnetic-Privacy-Screen-Compatible-MacBook%2Fdp%2FB0BM3BDYBL%2Fref%3Dsr_1_92_sspa%3Fcrid%3D2JUKYBAPLWFUW%26keywords%3Dlaptop%26qid%3D1671915011%26sr%3D8-92-spons%26psc%3D1%26smid%3DAP185A44JNF1;45;;
"Acer Predator Helios 300 Gaming Laptop, Intel i7-10750H, NVIDIA GeForce RTX 2060 6GB, 15.6"" Full HD 144Hz 3ms IPS Display, 16GB Dual-Channel DDR4, 512GB NVMe SSD, Wi-Fi 6, RGB Keyboard, PH315-53-72XD";https://www.amazon.com/Acer-Predator-i7-10750H-Dual-Channel-PH315-53-72XD/dp/B08842D7JS/ref=sr_1_96?crid=2JUKYBAPLWFUW&keywords=laptop&qid=1671915011&sr=8-96;1,239.;4.7 out of 5 stars;3,587
"ASUS VivoBook 14 Laptop Computer, 14"" IPS FHD Display, Intel Core i3-1115G4 Processor, 4GB DDR4, 128GB PCIe SSD, Fingerprint Reader, Windows 11 Home in S Mode, Slate Grey, F415EA-AS31";https://www.amazon.com/ASUS-i3-1115G4-Processor-Fingerprint-F415EA-AS31/dp/B09SVQG3ZZ/ref=sr_1_98?crid=2JUKYBAPLWFUW&keywords=laptop&qid=1671915011&sr=8-98;255;4.3 out of 5 stars;239
20V 10A 200W AC Adapter Charger ADP-200JB D Compatible with ASUS ROG Zephyrus G15 GA503 GA503QM GA503QS GA503QR Gaming Laptop 6.0 * 3.7;https://www.amazon.com/gp/slredirect/picassoRedirect.html/ref=pa_sp_btf_aps_sr_pg6_1?ie=UTF8&adId=A0298594BJY6DRRVZGPJ&qualifier=1671915011&id=5270796681533880&widgetName=sp_btf&url=%2FOKSuport-Adapter-ADP-200JB-Compatible-Zephyrus%2Fdp%2FB09QS9SPWT%2Fref%3Dsr_1_101_sspa%3Fcrid%3D2JUKYBAPLWFUW%26keywords%3Dlaptop%26qid%3D1671915011%26sr%3D8-101-spons%26psc%3D1;70;3.6 out of 5 stars;9
EMEET USB Speakerphone M1A Zoom Certified AI Mics 360° Voice Pickup USB Type C-A Plug&Play Fast Mute Laptop Microphone and Speaker Noise Reduction Echo Cancellation Computer Speakers with Microphone;https://www.amazon.com/gp/slredirect/picassoRedirect.html/ref=pa_sp_btf_aps_sr_pg6_1?ie=UTF8&adId=A02797423J0LFK42G7XPF&qualifier=1671915011&id=5270796681533880&widgetName=sp_btf&url=%2FUSB-Speakerphone-Certified-Microphone-Cancellation%2Fdp%2FB09WWYKP42%2Fref%3Dsr_1_102_sspa%3Fcrid%3D2JUKYBAPLWFUW%26keywords%3Dlaptop%26qid%3D1671915011%26sr%3D8-102-spons%26psc%3D1;79;4.4 out of 5 stars;83
230W AC Charger Fit for MSI GS65 GS66 GS75 GS76 GE72MVR GE62MVR P65 WS65 WS66 WS75 WS76 10SGS 10SFS 10UH 10UG 10UE Creator 15 17 10sfs-28 Stealth Laptop Power Adapter Supply;https://www.amazon.com/gp/slredirect/picassoRedirect.html/ref=pa_sp_atf_next_aps_sr_pg7_1?ie=UTF8&adId=A0465171MS87U41X970J&qualifier=1671915016&id=5780201087265300&widgetName=sp_atf_next&url=%2FCharger-GE72MVR-GE62MVR-Creator-10sfs-28%2Fdp%2FB09YXYKMQ9%2Fref%3Dsr_1_97_sspa%3Fcrid%3D2JUKYBAPLWFUW%26keywords%3Dlaptop%26qid%3D1671915016%26sr%3D8-97-spons%26psc%3D1;70;4.1 out of 5 stars;7
Charger for MacBook Pro - 96W USB C Power Adapter for MacBook Pro 16 15 14 13 inch 2022, 2021, 2020, 2019, MacBook Air, iPad, USBC & Type C Laptop, Original Quality, 6.6ft USB C to C Charging Cable;https://www.amazon.com/gp/slredirect/picassoRedirect.html/ref=pa_sp_atf_next_aps_sr_pg7_1?ie=UTF8&adId=A05553623AH2JFOQYXQXM&qualifier=1671915016&id=5780201087265300&widgetName=sp_atf_next&url=%2FCharger-MacBook-Pro-Original-Charging%2Fdp%2FB0BKZ6L49S%2Fref%3Dsr_1_98_sspa%3Fcrid%3D2JUKYBAPLWFUW%26keywords%3Dlaptop%26qid%3D1671915016%26sr%3D8-98-spons%26psc%3D1;36;;
"Dell Latitude 5000 5530 15.6"" Notebook - Full HD - 1920 x 1080 - Intel Core i7 12th Gen i7-1255U Deca-core (10 Core) 1.70 GHz - 16 GB Total RAM - 256 GB SSD - Gray";https://www.amazon.com/Dell-Latitude-5000-5530-Notebook/dp/B0B795RVTB/ref=sr_1_105?crid=2JUKYBAPLWFUW&keywords=laptop&qid=1671915016&sr=8-105;1,711.;;
Powered USB Hub, VANOTOM 4-Port USB 3.1/3.2 Gen 2 Hub, Superspeed USB Splitter up to 10Gbps with Power Adapter and Individual Switches,Charging Supported,Compatible with Desktop and Laptop,Surface Pro;https://www.amazon.com/gp/slredirect/picassoRedirect.html/ref=pa_sp_mtf_aps_sr_pg7_1?ie=UTF8&adId=A05709262T268M9SK2X4R&qualifier=1671915016&id=5780201087265300&widgetName=sp_mtf&url=%2FVANOTOM-Superspeed-Individual-Supported-Compatible%2Fdp%2FB0B7MVKRPZ%2Fref%3Dsr_1_107_sspa%3Fcrid%3D2JUKYBAPLWFUW%26keywords%3Dlaptop%26qid%3D1671915016%26sr%3D8-107-spons%26psc%3D1;28;4.4 out of 5 stars;56
Easy On/Off Magnetic Gold Privacy Screen Filter,Compatible with MacBook Pro 13 Inch (2022) -Anti Glare Screen Protector;https://www.amazon.com/gp/slredirect/picassoRedirect.html/ref=pa_sp_mtf_aps_sr_pg7_1?ie=UTF8&adId=A03105582S65Z1KP6ZKCJ&qualifier=1671915016&id=5780201087265300&widgetName=sp_mtf&url=%2FMagnetic-Privacy-Compatible-MacBook-Protector%2Fdp%2FB0BM3PT1L4%2Fref%3Dsr_1_108_sspa%3Fcrid%3D2JUKYBAPLWFUW%26keywords%3Dlaptop%26qid%3D1671915016%26sr%3D8-108-spons%26psc%3D1;45;;
2022 Newest HP Touch-Screen Laptops for College Student & Business, 15.6 inch HD Computer, Intel Core i5-1135G7, 32GB RAM, 1TB SSD, Fast Charge, Thin and Light, Webcam, Windows 11, ROKC HDMI Cable;https://www.amazon.com/HP-Touch-Screen-Business-Computer-i5-1135G7/dp/B0BKFJ9F6V/ref=sr_1_115?crid=2JUKYBAPLWFUW&keywords=laptop&qid=1671915016&sr=8-115;699;5.0 out of 5 stars;1
Riworal PC Gaming Mic, RGB USB Computer Microphone for PC Mac Laptop and Mic Stand with Headphone Monitoring Jack, Mute Button, Pop Filter, Mic Gain;https://www.amazon.com/gp/slredirect/picassoRedirect.html/ref=pa_sp_btf_aps_sr_pg7_1?ie=UTF8&adId=A040311619UX7Z05HGTW0&qualifier=1671915016&id=5780201087265300&widgetName=sp_btf&url=%2FRiworal-Computer-Microphone-Headphone-Monitoring%2Fdp%2FB0BG37XTL3%2Fref%3Dsr_1_117_sspa%3Fcrid%3D2JUKYBAPLWFUW%26keywords%3Dlaptop%26qid%3D1671915016%26sr%3D8-117-spons%26psc%3D1;38;4.7 out of 5 stars;4
1080P Computer Camera with Microphone,Web Camera with Wide Angle for Conferencing/Online Teaching/Meeting,Low-Light Correction and Manual Focus Webcam for PC/Laptop/Desktop;https://www.amazon.com/gp/slredirect/picassoRedirect.html/ref=pa_sp_btf_aps_sr_pg7_1?ie=UTF8&adId=A09267852N91QWYOE7B0M&qualifier=1671915016&id=5780201087265300&widgetName=sp_btf&url=%2FComputer-Microphone-Conferencing-Low-Light-Correction%2Fdp%2FB08TH9MRJP%2Fref%3Dsr_1_118_sspa%3Fcrid%3D2JUKYBAPLWFUW%26keywords%3Dlaptop%26qid%3D1671915016%26sr%3D8-118-spons%26psc%3D1;39;4.5 out of 5 stars;159
Docking Station Dual Monitor, Huicn USB C Docking Station with 2 HDMI Ports, 5 in 1 USB C HDMI Adapter Multiport with Dual HDMI 4K, VGA, USB 3.0, PD100W for MacBook HP Dell Surface Lenovo and More;https://www.amazon.com/gp/slredirect/picassoRedirect.html/ref=pa_sp_atf_next_aps_sr_pg8_1?ie=UTF8&adId=A04666473E05BILHGZXY0&qualifier=1671915019&id=4587389905227622&widgetName=sp_atf_next&url=%2FHuicn-Docking-Station-Monitor-Multiport%2Fdp%2FB09XV4ZTXG%2Fref%3Dsr_1_113_sspa%3Fcrid%3D2JUKYBAPLWFUW%26keywords%3Dlaptop%26qid%3D1671915019%26sr%3D8-113-spons%26psc%3D1;28;3.9 out of 5 stars;42
Laptop Privacy Screen 15.6 Inch, Removable 16:9 Aspect Privacy Filter Screen Protector for 15.6 Inch Laptop, Privacy Screen Anti-Peeping, Anti Glare;https://www.amazon.com/gp/slredirect/picassoRedirect.html/ref=pa_sp_atf_next_aps_sr_pg8_1?ie=UTF8&adId=A0634141E1KYSFBCOTN4&qualifier=1671915019&id=4587389905227622&widgetName=sp_atf_next&url=%2FLaptop-Privacy-Screen-15-6-Removable%2Fdp%2FB0BLBY2T1Z%2Fref%3Dsr_1_114_sspa%3Fcrid%3D2JUKYBAPLWFUW%26keywords%3Dlaptop%26qid%3D1671915019%26sr%3D8-114-spons%26psc%3D1;21;;
"Lenovo IdeaPad 3 Laptop, 14.0"" FHD Display, Intel Core i3-1005G1, 4GB RAM, 128GB Storage, Windows 11 S";https://www.amazon.com/Lenovo-IdeaPad-Display-Storage-Windows/dp/B09BG7QFRG/ref=sr_1_122?crid=2JUKYBAPLWFUW&keywords=laptop&qid=1671915019&sr=8-122;263;4.0 out of 5 stars;150
Redstorm Ergonomic Gel Mouse Wrist Rest, Upgrade Cleanable Leather PU Wrist Rest for Mouse, Gaming Wrist Rest Support for Computer, Laptop, Office Work, PC Gaming, Wrist Pain Relief, Black;https://www.amazon.com/gp/slredirect/picassoRedirect.html/ref=pa_sp_mtf_aps_sr_pg8_1?ie=UTF8&adId=A08767653ADZ3UY1JSZLU&qualifier=1671915019&id=4587389905227622&widgetName=sp_mtf&url=%2FRedstorm-Ergonomic-Upgrade-Cleanable-Computer%2Fdp%2FB0BKKZBVBV%2Fref%3Dsr_1_123_sspa%3Fcrid%3D2JUKYBAPLWFUW%26keywords%3Dlaptop%26qid%3D1671915019%26sr%3D8-123-spons%26psc%3D1;9;4.8 out of 5 stars;19
8K USB C Docking Station, FOLODA 10-in-1 USB C Hub Adapter, with 4K@60Hz HDMI and DisplayPort, 100W Power Charge, 5GBPS USB-C & USB-A Data Ports, Gigabits Ethernet, SD/TF Card Slots for macOS Windows;https://www.amazon.com/gp/slredirect/picassoRedirect.html/ref=pa_sp_mtf_aps_sr_pg8_1?ie=UTF8&adId=A03338621LM6ETJXP1O1Q&qualifier=1671915019&id=4587389905227622&widgetName=sp_mtf&url=%2FDocking-FOLODA-DisplayPort-Gigabits-Ethernet%2Fdp%2FB0BML6HX33%2Fref%3Dsr_1_124_sspa%3Fcrid%3D2JUKYBAPLWFUW%26keywords%3Dlaptop%26qid%3D1671915019%26sr%3D8-124-spons%26psc%3D1;79;4.1 out of 5 stars;92
HP Chromebook 11-inch Laptop - Up to 15 Hour Battery Life - MediaTek - MT8183 - 4 GB RAM - 32 GB eMMC Storage - 11.6-inch HD Display - with Chrome OS™ - (11a-na0021nr, 2020 model, Snow White);https://www.amazon.com/HP-Chromebook-11-inch-Laptop-11a-na0021nr/dp/B08H6YZY3Y/ref=sr_1_128?crid=2JUKYBAPLWFUW&keywords=laptop&qid=1671915019&sr=8-128;198;4.4 out of 5 stars;2,856
"Lenovo ThinkPad E15 Gen2 Business Laptop, 15.6"" Full HD Touchscreen, Intel Core i7-1165G7 Processor, 32GB RAM, 1TB SSD, Backlit Keyboard, Wi-Fi 6, Fingerprint Reader, Windows 11 Professional, Black";https://www.amazon.com/Lenovo-ThinkPad-Touchscreen-Fingerprint-Professional/dp/B09WJK4998/ref=sr_1_130?crid=2JUKYBAPLWFUW&keywords=laptop&qid=1671915019&sr=8-130;1,199.;4.3 out of 5 stars;8
ASUS ZenBook Pro Duo 15 OLED UX582 Laptop, 15.6” OLED 4K UHD Touch Display, Intel Core i7-10870H, 16GB RAM, 1TB SSD, GeForce RTX 3070, ScreenPad Plus, Windows 10 Pro, Celestial Blue, UX582LR-XS74T;https://www.amazon.com/ASUS-i7-10870H-ScreenPad-Celestial-UX582LR-XS74T/dp/B08ZJQVV6G/ref=sr_1_132?crid=2JUKYBAPLWFUW&keywords=laptop&qid=1671915019&sr=8-132;2,241.;4.5 out of 5 stars;150
180W MSI Stealth Charger AC Adapter for MSI Laptop Charger GS65 GS63 GS63VR GS75 GS70 GS73 GS60 GS73VR MSI Gaming Laptop Power Supply;https://www.amazon.com/gp/slredirect/picassoRedirect.html/ref=pa_sp_btf_aps_sr_pg8_1?ie=UTF8&adId=A01321811SYJGXB06VNS0&qualifier=1671915019&id=4587389905227622&widgetName=sp_btf&url=%2FStealth-Charger-Adapter-MSI-Laptop-GS63VR%2Fdp%2FB0BFFHLG8N%2Fref%3Dsr_1_133_sspa%3Fcrid%3D2JUKYBAPLWFUW%26keywords%3Dlaptop%26qid%3D1671915019%26sr%3D8-133-spons%26psc%3D1;48;;
Replacement Keyboard for Dell Latitude E6540 E6530 E6520 E5530 E5520, Precision M4700 M6700 M4600 M6600 Series Laptop with Backlight with Pointer Blue Letter US Layout;https://www.amazon.com/gp/slredirect/picassoRedirect.html/ref=pa_sp_btf_aps_sr_pg8_1?ie=UTF8&adId=A07504833EUC592B4IWHK&qualifier=1671915019&id=4587389905227622&widgetName=sp_btf&url=%2FReplacement-Keyboard-Latitude-Precision-Backlight%2Fdp%2FB0BJQ5CLTY%2Fref%3Dsr_1_134_sspa%3Fcrid%3D2JUKYBAPLWFUW%26keywords%3Dlaptop%26qid%3D1671915019%26sr%3D8-134-spons%26psc%3D1;30;;
"DEJIMAX 14"" Laptop Privacy Screen Protector for HP/Dell/Acer/Samsung 16:9 Laptop Privacy Screen Filter Anti Glare Blue Light Privacy Screen Protector";https://www.amazon.com/gp/slredirect/picassoRedirect.html/ref=pa_sp_atf_next_aps_sr_pg9_1?ie=UTF8&adId=A0644344GYUEDSKX7YS9&qualifier=1671915024&id=2584515764061632&widgetName=sp_atf_next&url=%2FDEJIMAX-Laptop-Privacy-Protector-Samsung%2Fdp%2FB09XHN5W6H%2Fref%3Dsr_1_129_sspa%3Fcrid%3D2JUKYBAPLWFUW%26keywords%3Dlaptop%26qid%3D1671915024%26sr%3D8-129-spons%26psc%3D1;22;4.4 out of 5 stars;13
Voistek 3.5mm Telephone Headset with Microphone for PC Computer Laptop, Phone Headset for Office Phone,Wired Headset for Call Center Office Online Meeting;https://www.amazon.com/gp/slredirect/picassoRedirect.html/ref=pa_sp_atf_next_aps_sr_pg9_1?ie=UTF8&adId=A04814882NVHGBYZEJKUW&qualifier=1671915024&id=2584515764061632&widgetName=sp_atf_next&url=%2FVoistek-Telephone-Headset-Microphone-Computer%2Fdp%2FB0BFHV2NNB%2Fref%3Dsr_1_130_sspa%3Fcrid%3D2JUKYBAPLWFUW%26keywords%3Dlaptop%26qid%3D1671915024%26sr%3D8-130-spons%26psc%3D1;14;;
Lenovo Chromebook S330 Laptop, 14-Inch FHD Display, MediaTek MT8173C, 4GB RAM, 64GB Storage, Chrome OS;https://www.amazon.com/Lenovo-Chromebook-MediaTek-Processor-81JW0000US/dp/B07GLV1VC7/ref=sr_1_138?crid=2JUKYBAPLWFUW&keywords=laptop&qid=1671915024&sr=8-138;167;4.3 out of 5 stars;3,608
USB C Laptop Charger Fit for Lenovo ThinkPad, Lenovo Yoga,Lenovo Chromebook,65W;https://www.amazon.com/gp/slredirect/picassoRedirect.html/ref=pa_sp_mtf_aps_sr_pg9_1?ie=UTF8&adId=A03199174IYYJJWJKXS6&qualifier=1671915024&id=2584515764061632&widgetName=sp_mtf&url=%2FLaptop-Charger-Lenovo-ThinkPad-Chromebook%2Fdp%2FB0B4N428RG%2Fref%3Dsr_1_139_sspa%3Fcrid%3D2JUKYBAPLWFUW%26keywords%3Dlaptop%26qid%3D1671915024%26sr%3D8-139-spons%26psc%3D1%26smid%3DA2LFNFF4YEN8GT;15;3.8 out of 5 stars;17
Nusign+ Magnetic Blue Light Blocking Screen Protector and Anti Blue Light Filter, Compatible with MacBook Pro 14 inch M1 2021 | Eye Protection for A2442-Matte Anti Glare Screen 14 Pro;https://www.amazon.com/gp/slredirect/picassoRedirect.html/ref=pa_sp_mtf_aps_sr_pg9_1?ie=UTF8&adId=A04215722Z9N2FZQ2Y7OV&qualifier=1671915024&id=2584515764061632&widgetName=sp_mtf&url=%2FNusign-Protector-Compatible-Protection-A2442-Matte%2Fdp%2FB09KVDM9T7%2Fref%3Dsr_1_140_sspa%3Fcrid%3D2JUKYBAPLWFUW%26keywords%3Dlaptop%26qid%3D1671915024%26sr%3D8-140-spons%26psc%3D1;20;4.1 out of 5 stars;599
"Gaming Laptop by Lenovo – Ideapad for Laptop Gamer, 2022 Upgraded Version, 15.6"" FHD 120, AMD Ryzen 5 5600H, 32GB RAM, 1TB SSD, NVIDIA GeForce RTX 3050 Ti, Backlit Keyboard, Windows 11, ROKC MP";https://www.amazon.com/Gaming-Laptop-Lenovo-Upgraded-Keyboard/dp/B0BKRLT4C1/ref=sr_1_142?crid=2JUKYBAPLWFUW&keywords=laptop&qid=1671915024&sr=8-142;889;5.0 out of 5 stars;4
ASUS VivoBook L203MA Ultra-Thin Laptop, Intel Celeron N4000 Processor, 4GB LPDDR4, 64GB eMMC, 11.6” HD, USB-C, Windows 10 in S Mode (Switchable to Pro), L203MA-DS04, One Year of Microsoft Office 365;https://www.amazon.com/ASUS-Ultra-Thin-Processor-L203MA-DS04-Microsoft/dp/B07N6S4SY1/ref=sr_1_144?crid=2JUKYBAPLWFUW&keywords=laptop&qid=1671915024&sr=8-144;299;4.3 out of 5 stars;6,373
Nnewvante Treadmill Desk Attachment Bamboo Walking Laptop Holder Workstation Ergonomic Adjustable Desktop Laptop Tray for Treadmill;https://www.amazon.com/gp/slredirect/picassoRedirect.html/ref=pa_sp_btf_aps_sr_pg9_1?ie=UTF8&adId=A03190541F42ZVE8J7WQU&qualifier=1671915024&id=2584515764061632&widgetName=sp_btf&url=%2FNnewvante-Treadmill-Attachment-Workstation-Adjustable%2Fdp%2FB094CH14W5%2Fref%3Dsr_1_149_sspa%3Fcrid%3D2JUKYBAPLWFUW%26keywords%3Dlaptop%26qid%3D1671915024%26sr%3D8-149-spons%26psc%3D1;89;4.3 out of 5 stars;85
RAPOO Silent Wired Mouse, 1000 DPI 5ft Cord Quiet Button Optical Computer Mouse, Left Right Hand Use, for Laptop Chromebook Mac Notebook, Matte Black;https://www.amazon.com/gp/slredirect/picassoRedirect.html/ref=pa_sp_btf_aps_sr_pg9_1?ie=UTF8&adId=A0130837QE9QGHTEAGEZ&qualifier=1671915024&id=2584515764061632&widgetName=sp_btf&url=%2FSilent-Optical-Computer-Chromebook-Notebook%2Fdp%2FB09YR2RQ5P%2Fref%3Dsr_1_150_sspa%3Fcrid%3D2JUKYBAPLWFUW%26keywords%3Dlaptop%26qid%3D1671915024%26sr%3D8-150-spons%26psc%3D1%26smid%3DAN4GG135354N;8;4.5 out of 5 stars;602
Powered USB Hub, ikuai 5-Port USB 3.0 Hub with 4 USB 3.0 Data Ports and 1 USB Fast Charging Port, USB Splitter with 24W Power Adapter for PC Laptop and More;https://www.amazon.com/gp/slredirect/picassoRedirect.html/ref=pa_sp_atf_next_aps_sr_pg10_1?ie=UTF8&adId=A0802347TZ5EXHPEIH10&qualifier=1671915027&id=2978449276921720&widgetName=sp_atf_next&url=%2Fikuai-Splitter-Charging-Individual-Switches%2Fdp%2FB07Y5VWLDB%2Fref%3Dsr_1_145_sspa%3Fcrid%3D2JUKYBAPLWFUW%26keywords%3Dlaptop%26qid%3D1671915027%26sr%3D8-145-spons%26psc%3D1;19;4.6 out of 5 stars;870
AC Charger 20V 6.7A 135W Slim Tip AC Adapter for Lenovo Y50c Y50p Y700-14ISK ADL135NLC3A 45N0367 PA-1131-72 45N0368 45N0502;https://www.amazon.com/gp/slredirect/picassoRedirect.html/ref=pa_sp_atf_next_aps_sr_pg10_1?ie=UTF8&adId=A10009281MN3ETXBXSLHB&qualifier=1671915027&id=2978449276921720&widgetName=sp_atf_next&url=%2FCharger-Adapter-Y700-14ISK-ADL135NLC3A-PA-1131-72%2Fdp%2FB0B4DLHV2C%2Fref%3Dsr_1_146_sspa%3Fcrid%3D2JUKYBAPLWFUW%26keywords%3Dlaptop%26qid%3D1671915027%26sr%3D8-146-spons%26psc%3D1;30;5.0 out of 5 stars;1
ASUS ZenBook Pro Duo 15 OLED UX582 Laptop, 15.6” OLED 4K UHD Touch Display, Intel Core i7-10870H, Windows 10 Pro, Celestial Blue with Microsoft 365 Family | 15-Month Subscription | PC/Mac Download;https://www.amazon.com/ASUS-i7-10870H-Celestial-Microsoft-Subscription/dp/B09Z7LZ2VV/ref=sr_1_151?crid=2JUKYBAPLWFUW&keywords=laptop&qid=1671915027&sr=8-151;2,331.;4.4 out of 5 stars;203
ASUS ExpertBook B5 Thin & Light Flip Business Laptop, 13.3” FHD OLED, Intel Core i7-1165G7, 1TB SSD, 16GB RAM, all day battery, Enterprise-grade video conference, NumberPad, Win 10 Pro, B5302FEA-XH75T;https://www.amazon.com/ASUS-ExpertBook-Enterprise-grade-conference-B5302FEA-XH75T/dp/B09LRPPRHZ/ref=sr_1_152?crid=2JUKYBAPLWFUW&keywords=laptop&qid=1671915027&sr=8-152;1,590.;4.6 out of 5 stars;12
MEROM 12V 2A Laptop Charger for Gateway GWTC116-1 GWTN116-1 GWTN141-1 GWTN141-5 EVOO EV-C-116-5 EV-C-116-6 N11SP3 TEV-C-116-1 EV-C-116-7 Power Supply Adapter Cord (White);https://www.amazon.com/gp/slredirect/picassoRedirect.html/ref=pa_sp_mtf_aps_sr_pg10_1?ie=UTF8&adId=A01312971GNA0TAK6F00O&qualifier=1671915027&id=2978449276921720&widgetName=sp_mtf&url=%2FMEROM-EV-C-116-5-EV-C-116-6-TEV-C-116-1-EV-C-116-7%2Fdp%2FB0BKRJ1H7B%2Fref%3Dsr_1_155_sspa%3Fcrid%3D2JUKYBAPLWFUW%26keywords%3Dlaptop%26qid%3D1671915027%26sr%3D8-155-spons%26psc%3D1;13;;
For MacBook 13.6 Privacy Screen Filter - Easy Removable Laptop Magnetic Anti-Glare and Anti-Blue Light Privacy Screen Protector;https://www.amazon.com/gp/slredirect/picassoRedirect.html/ref=pa_sp_mtf_aps_sr_pg10_1?ie=UTF8&adId=A08534024OFW7DRTDV6F&qualifier=1671915027&id=2978449276921720&widgetName=sp_mtf&url=%2FMacBook-13-6-Privacy-Screen-Filter%2Fdp%2FB0B96ZNS16%2Fref%3Dsr_1_156_sspa%3Fcrid%3D2JUKYBAPLWFUW%26keywords%3Dlaptop%26qid%3D1671915027%26sr%3D8-156-spons%26psc%3D1;21;;
"Acer Swift 13.3"" Full HD Intel Quad Core N4200 2.5GHz 4GB 64GB eMMC Webcam Bluetooth Fingerprint Reader Windows 10 Pure Silver";https://www.amazon.com/Acer-2-5GHz-Bluetooth-Fingerprint-Windows/dp/B07F2KPLHD/ref=sr_1_157?crid=2JUKYBAPLWFUW&keywords=laptop&qid=1671915027&sr=8-157;298;4.0 out of 5 stars;75
"Acer Nitro 5 Gaming Laptop | Intel Core i7-11800H | NVIDIA GeForce RTX 3050 Ti | 15.6"" FHD 144Hz IPS Display | Killer Wi-Fi 6 | Backlit Keyboard | Type C | w/Mouse Pad (32GB RAM | 1TB PCIe SSD)";https://www.amazon.com/Acer-i7-11800H-GeForce-Display-Keyboard/dp/B0BP21PGXS/ref=sr_1_160?crid=2JUKYBAPLWFUW&keywords=laptop&qid=1671915027&sr=8-160;969;;
180W AC Charger Fit for MSI GS66 GF75 GF63 Pulse GL76 GL66 WF66 WF76 Katana GF66 GF76 Crosshair 15 17 Sword15 17 Gaming Laptop Charger;https://www.amazon.com/gp/slredirect/picassoRedirect.html/ref=pa_sp_btf_aps_sr_pg10_1?ie=UTF8&adId=A024605915GDSVXAJVXMX&qualifier=1671915027&id=2978449276921720&widgetName=sp_btf&url=%2FCharger-Katana-Crosshair-Sword15-Gaming%2Fdp%2FB0B8T2H324%2Fref%3Dsr_1_165_sspa%3Fcrid%3D2JUKYBAPLWFUW%26keywords%3Dlaptop%26qid%3D1671915027%26sr%3D8-165-spons%26psc%3D1;49;;
Chrome Citizen Messenger Satchel Bag with Iconic Seat Belt Buckle;https://www.amazon.com/gp/slredirect/picassoRedirect.html/ref=pa_sp_btf_aps_sr_pg10_1?ie=UTF8&adId=A02132231MBF8I3XV43XG&qualifier=1671915027&id=2978449276921720&widgetName=sp_btf&url=%2FChrome-Citizen-Night-One-Size%2Fdp%2FB084323D46%2Fref%3Dsr_1_166_sspa%3Fcrid%3D2JUKYBAPLWFUW%26keywords%3Dlaptop%26qid%3D1671915027%26sr%3D8-166-spons%26psc%3D1;160;4.7 out of 5 stars;471
Real Leather Messenger Laptop Bag for Men & Women - Distressed Computer Bags Crossbody Briefcase Adjustable Shoulder Stap;https://www.amazon.com/gp/slredirect/picassoRedirect.html/ref=pa_sp_atf_next_aps_sr_pg11_1?ie=UTF8&adId=A103609931QW5VOUIUUGW&qualifier=1671915030&id=3433334410339744&widgetName=sp_atf_next&url=%2FMessenger-Handmade-Briefcase-Business-Crossbody%2Fdp%2FB09SG61FLZ%2Fref%3Dsr_1_161_sspa%3Fcrid%3D2JUKYBAPLWFUW%26keywords%3Dlaptop%26qid%3D1671915030%26sr%3D8-161-spons%26psc%3D1;69;4.5 out of 5 stars;84
"Chrome Industries Buran III Messenger Bag - 17"""" Laptop Sling Bag, Seat Belt Buckle, Water Resistant, 24 Liter";https://www.amazon.com/gp/slredirect/picassoRedirect.html/ref=pa_sp_atf_next_aps_sr_pg11_1?ie=UTF8&adId=A02209233N0T87CGMN186&qualifier=1671915030&id=3433334410339744&widgetName=sp_atf_next&url=%2FChrome-Industries-Buran-III-Messenger%2Fdp%2FB098NJN6HQ%2Fref%3Dsr_1_162_sspa%3Fcrid%3D2JUKYBAPLWFUW%26keywords%3Dlaptop%26qid%3D1671915030%26sr%3D8-162-spons%26psc%3D1;170;4.2 out of 5 stars;3
"Lenovo IdeaPad 3 14 Laptop, Intel Core i3-1005G1, 4GB RAM, 128GB Storage, 14.0"" FHD Display, Windows 10 S";https://www.amazon.com/Lenovo-IdeaPad-Storage-Display-Windows/dp/B0913FWL3J/ref=sr_1_170?crid=2JUKYBAPLWFUW&keywords=laptop&qid=1671915030&sr=8-170;267;4.4 out of 5 stars;202
USB-C Laptop Charger 65W for Dell Latitude 9330 9430 5330 5430 5530 7330 7430 7530 XPS 13 Plus Computer Type C Power Supply Cord;https://www.amazon.com/gp/slredirect/picassoRedirect.html/ref=pa_sp_mtf_aps_sr_pg11_1?ie=UTF8&adId=A067767216OIVREPQH8WB&qualifier=1671915030&id=3433334410339744&widgetName=sp_mtf&url=%2FLaptop-Charger-Latitude-Computer-Supply%2Fdp%2FB0B5ZZQG1L%2Fref%3Dsr_1_171_sspa%3Fcrid%3D2JUKYBAPLWFUW%26keywords%3Dlaptop%26qid%3D1671915030%26sr%3D8-171-spons%26psc%3D1%26smid%3DA9Z6QKXHMFMCI;17;5.0 out of 5 stars;1
USB C Charger, 65W Fast Wall Charger, PD 3.0 Type C Charging Block Foldable Travel GaN Charger Adapter for iPhone 14/13/13 Mini/13 Pro, Samsung S22+/S22, MacBook Pro/Air, iPad, Laptops, Dell XPS 13;https://www.amazon.com/gp/slredirect/picassoRedirect.html/ref=pa_sp_mtf_aps_sr_pg11_1?ie=UTF8&adId=A0107553V9IJZIVSVGWW&qualifier=1671915030&id=3433334410339744&widgetName=sp_mtf&url=%2FCharger-Charging-Foldable-Adapter-Samsung%2Fdp%2FB0B6N86XXH%2Fref%3Dsr_1_172_sspa%3Fcrid%3D2JUKYBAPLWFUW%26keywords%3Dlaptop%26qid%3D1671915030%26sr%3D8-172-spons%26psc%3D1;29;4.7 out of 5 stars;91
Acrylic Laptop Stand, Ultra Stable Ergonomic Laptop Stand for Desktop, Transparent Clear Computer Stand Mount Riser for 10 to 15.6 inches Laptops, Notebooks and MacBook;https://www.amazon.com/gp/slredirect/picassoRedirect.html/ref=pa_sp_btf_aps_sr_pg11_1?ie=UTF8&adId=A07049153I13LUQ7C83QE&qualifier=1671915030&id=3433334410339744&widgetName=sp_btf&url=%2FAcrylic-Ergonomic-Transparent-Computer-Notebooks%2Fdp%2FB0B7HY2RJD%2Fref%3Dsr_1_181_sspa%3Fcrid%3D2JUKYBAPLWFUW%26keywords%3Dlaptop%26qid%3D1671915030%26sr%3D8-181-spons%26psc%3D1;39;4.1 out of 5 stars;7
AYY Portable Monitor for Laptop 15.6inch 1080P FHD Laptop Monitor USB C HDMI Gaming Ultra-Slim IPS Display w/Alloy Stand& Speakers,HDR Plug&Play, External Monitor PC Mac Phone Xbox PS5/PS4 Switch;https://www.amazon.com/gp/slredirect/picassoRedirect.html/ref=pa_sp_btf_aps_sr_pg11_1?ie=UTF8&adId=A00565771Y895QYQWGA72&qualifier=1671915030&id=3433334410339744&widgetName=sp_btf&url=%2FAYY-Portable-15-6inch-Ultra-Slim-Speakers%2Fdp%2FB0BFWVFRB9%2Fref%3Dsr_1_182_sspa%3Fcrid%3D2JUKYBAPLWFUW%26keywords%3Dlaptop%26qid%3D1671915030%26sr%3D8-182-spons%26psc%3D1;119;4.3 out of 5 stars;142
Original Ac Charger Compatible for Razer Blade 19.8V 8.33A 165W Laptop Charger AC Power Adapter RC30-0165 Power Cord;https://www.amazon.com/gp/slredirect/picassoRedirect.html/ref=pa_sp_atf_next_aps_sr_pg12_1?ie=UTF8&adId=A00590013BO45GPHYNB6P&qualifier=1671915035&id=6272713836776016&widgetName=sp_atf_next&url=%2FGenuine-Charger-Compatible-Adapter-RC30-0165%2Fdp%2FB085TDQ4VQ%2Fref%3Dsr_1_177_sspa%3Fcrid%3D2JUKYBAPLWFUW%26keywords%3Dlaptop%26qid%3D1671915035%26sr%3D8-177-spons%26psc%3D1;100;3.8 out of 5 stars;15
GIISSMO 9-in-1 USB C Hub Docking Station, USB C Adapter with 4K 60Hz HDMI, 10Gbps USB-C 3.1 and USB-A 3.1,5Gbps 2*USB-A 3.1, Ethernet Port, microSD and SD Card Reader, for MacBook Pro and More;https://www.amazon.com/gp/slredirect/picassoRedirect.html/ref=pa_sp_atf_next_aps_sr_pg12_1?ie=UTF8&adId=A07931547SM1EGGIYJOB&qualifier=1671915035&id=6272713836776016&widgetName=sp_atf_next&url=%2FGIISSMO-Docking-Station-Adapter-Ethernet%2Fdp%2FB0BJ1QL43S%2Fref%3Dsr_1_178_sspa%3Fcrid%3D2JUKYBAPLWFUW%26keywords%3Dlaptop%26qid%3D1671915035%26sr%3D8-178-spons%26psc%3D1%26smid%3DAZWZUP2LXTMWZ;39;4.9 out of 5 stars;71
"PHIXERO SATA to USB 3.0 Adapter for 2.5"" SSD/HDD Support UASP, SATA to USB 5Gbps for Samsung/Seagate/WD/SanDisk Drives, USB to SATA Adapter Compatible with Laptop/Desktop/HD TV/PS5/PS4/Xbox";https://www.amazon.com/gp/slredirect/picassoRedirect.html/ref=pa_sp_mtf_aps_sr_pg12_1?ie=UTF8&adId=A01852649F5I6KW11SIA&qualifier=1671915035&id=6272713836776016&widgetName=sp_mtf&url=%2FPHIXERO-Adapter-Support-Interface-Compatible%2Fdp%2FB0B4S7Q7PC%2Fref%3Dsr_1_187_sspa%3Fcrid%3D2JUKYBAPLWFUW%26keywords%3Dlaptop%26qid%3D1671915035%26sr%3D8-187-spons%26psc%3D1;9;4.3 out of 5 stars;11
67W USB C Charger Power Adapter Compatible with MacBook Pro 16, 15, 14, 13 Inch, MacBook Air, Included 6.6ft USB C to C Cable;https://www.amazon.com/gp/slredirect/picassoRedirect.html/ref=pa_sp_mtf_aps_sr_pg12_1?ie=UTF8&adId=A01128501RUKAMIIJZSV0&qualifier=1671915035&id=6272713836776016&widgetName=sp_mtf&url=%2FCharger-Adapter-Compatible-MacBook-Included%2Fdp%2FB0BBR3ZC9K%2Fref%3Dsr_1_188_sspa%3Fcrid%3D2JUKYBAPLWFUW%26keywords%3Dlaptop%26qid%3D1671915035%26sr%3D8-188-spons%26psc%3D1;19;4.9 out of 5 stars;24
ASUS VivoBook S 15 OLED Slim Laptop, 15.6” FHD OLED Display, Intel Evo Platform, Intel Core i7-12700H CPU, 16GB RAM, 512GB SSD, Windows 11 Home, Indie Black, K3502ZA-DS74;https://www.amazon.com/ASUS-VivoBook-Platform-i7-12700H-K3502ZA-DS74/dp/B09ZKDP2XH/ref=sr_1_190?crid=2JUKYBAPLWFUW&keywords=laptop&qid=1671915035&sr=8-190;1,099.;5.0 out of 5 stars;1
LEVO G2 V16 Mobile Laptop Stand Desk Rolling Cart with Phone Holder and Mouse Tray;https://www.amazon.com/gp/slredirect/picassoRedirect.html/ref=pa_sp_btf_aps_sr_pg12_1?ie=UTF8&adId=A0538767R3VGZWI581MA&qualifier=1671915035&id=6272713836776016&widgetName=sp_btf&url=%2FLEVO-Mobile-Laptop-Rolling-Adjustable%2Fdp%2FB07X5SB17V%2Fref%3Dsr_1_197_sspa%3Fcrid%3D2JUKYBAPLWFUW%26keywords%3Dlaptop%26qid%3D1671915035%26sr%3D8-197-spons%26psc%3D1;179;4.1 out of 5 stars;14
VIZOLINK 4K Video Conference Camera/Webcam with 6 Noise-canceling Mics and 2 Speakers, Supporting Al-Powered Auto-Framing, 6X Zoom, Remote Control, 120° View Angle for Meeting, Live Streaming;https://www.amazon.com/gp/slredirect/picassoRedirect.html/ref=pa_sp_btf_aps_sr_pg12_1?ie=UTF8&adId=A10372312XIYIRUFTLX4P&qualifier=1671915035&id=6272713836776016&widgetName=sp_btf&url=%2FVIZOLINK-Conference-Noise-canceling-Supporting-Auto-Framing%2Fdp%2FB0BFGSXCDB%2Fref%3Dsr_1_198_sspa%3Fcrid%3D2JUKYBAPLWFUW%26keywords%3Dlaptop%26qid%3D1671915035%26sr%3D8-198-spons%26psc%3D1;369;;
USB C Thunderbolt Docking Station 5K@60Hz for MacBook Air/Dell/Lenovo/,Intpw Thunderbolt 3 Dock Dual 4K Display Thunderbolt 3/DP Port,10Gbps USB-C,5Gbps USB-A,Gigabit Ethernet for Mac & Windows;https://www.amazon.com/gp/slredirect/picassoRedirect.html/ref=pa_sp_atf_next_aps_sr_pg13_1?ie=UTF8&adId=A05282431V3WDZ7PVAET8&qualifier=1671915038&id=5158065729540414&widgetName=sp_atf_next&url=%2FThunderbolt-Docking-Station-MacBook-Ethernet%2Fdp%2FB09JRHM43H%2Fref%3Dsr_1_193_sspa%3Fcrid%3D2JUKYBAPLWFUW%26keywords%3Dlaptop%26qid%3D1671915038%26sr%3D8-193-spons%26psc%3D1;219;4.3 out of 5 stars;1,322
TUOCYERD Docking Station Laptop USB C Hub with Shocker Multiport Ports : 4K HDMI - PD3.0 Thunderbolt Port - 3 USB 3.0 Ports for MacBook | iPad | Windows | Surface Laptop & Monitor, Projector, HD,TV;https://www.amazon.com/gp/slredirect/picassoRedirect.html/ref=pa_sp_atf_next_aps_sr_pg13_1?ie=UTF8&adId=A01221771L34P0F1VXZ5B&qualifier=1671915038&id=5158065729540414&widgetName=sp_atf_next&url=%2FTUOCYERD-Docking-Station-Shocker-Multiport%2Fdp%2FB0BC1DSDFC%2Fref%3Dsr_1_194_sspa%3Fcrid%3D2JUKYBAPLWFUW%26keywords%3Dlaptop%26qid%3D1671915038%26sr%3D8-194-spons%26psc%3D1;39;;
"MSI Prestige 14 EVO 14"" FHD Ultra Thin and Light Professional Laptop: Intel Core i5-1240P Iris Xe 16GB LPDDR4X 512GB NVMe SSD, Thunderbolt 4, MicroSD Card Reader, Win 11 Home: Blue Stone A12M-013";https://www.amazon.com/MSI-PresTige-Ultra-Professional-Laptop/dp/B09ST4BB2S/ref=sr_1_202?crid=2JUKYBAPLWFUW&keywords=laptop&qid=1671915038&sr=8-202;939;;
USB Flash Drive 64GB, Large Storage Thumb Drive, Flash Stick 64GB, Memory USB Stick 64GB Data Storage for PC/Tablet/Mac/Laptop.;https://www.amazon.com/gp/slredirect/picassoRedirect.html/ref=pa_sp_mtf_aps_sr_pg13_1?ie=UTF8&adId=A04640608M1U5KBQKBR8&qualifier=1671915038&id=5158065729540414&widgetName=sp_mtf&url=%2FFlash-Storage-Memory-Tablet-Laptop%2Fdp%2FB0BJKDG924%2Fref%3Dsr_1_203_sspa%3Fcrid%3D2JUKYBAPLWFUW%26keywords%3Dlaptop%26qid%3D1671915038%26sr%3D8-203-spons%26psc%3D1;9;;
Mini Displayport to Displayport Cable, KissU Mini DP to DP Cable, Thunderbolt to DisplayPort Cable, 6ft, 4K@60Hz/ 2K@144Hz, Male to Male, Gold-Plated Cord, for Laptop PC TV etc- Black;https://www.amazon.com/gp/slredirect/picassoRedirect.html/ref=pa_sp_mtf_aps_sr_pg13_1?ie=UTF8&adId=A066045917VXLVNO1X81I&qualifier=1671915038&id=5158065729540414&widgetName=sp_mtf&url=%2FDisplayport-KissU-Thunderbolt-DisplayPort-Gold-Plated%2Fdp%2FB08XXNYHZ5%2Fref%3Dsr_1_204_sspa%3Fcrid%3D2JUKYBAPLWFUW%26keywords%3Dlaptop%26qid%3D1671915038%26sr%3D8-204-spons%26psc%3D1;6;4.0 out of 5 stars;34
New 120W 19V 6.32A 6.0x3.7mm Charger AC Adapter for ASUS TUF Gaming FX705GM FX705DT FX705GE FX705GD FX505 FX505GD FX505GE FX505GD FX505DY FX705DY FX505GM TUF705GD FX505DD;https://www.amazon.com/gp/slredirect/picassoRedirect.html/ref=pa_sp_btf_aps_sr_pg13_1?ie=UTF8&adId=A0025382382J2MD97U63R&qualifier=1671915038&id=5158065729540414&widgetName=sp_btf&url=%2F6-0x3-7mm-Charger-Adapter-FX705GM-TUF705GD%2Fdp%2FB0B1TY2T9M%2Fref%3Dsr_1_213_sspa%3Fcrid%3D2JUKYBAPLWFUW%26keywords%3Dlaptop%26qid%3D1671915038%26sr%3D8-213-spons%26psc%3D1;33;;
65W AC Adapter Charger Compatible with Dell Inspiron 15 3000 5000 Series 15 3558 5559 5558 5755 5568 5565 7560 Dell P20 P20T P/N 0G6J41 MGJN9 DA45NM131 HA45NM140 HK45NM140 LA45NM121 LA45NM140 X9RG3;https://www.amazon.com/gp/slredirect/picassoRedirect.html/ref=pa_sp_btf_aps_sr_pg13_1?ie=UTF8&adId=A03026992JKXB70N0MBEP&qualifier=1671915038&id=5158065729540414&widgetName=sp_btf&url=%2FCompatible-DA45NM131-HA45NM140-HK45NM140-LA45NM121%2Fdp%2FB07Y358NSC%2Fref%3Dsr_1_214_sspa%3Fcrid%3D2JUKYBAPLWFUW%26keywords%3Dlaptop%26qid%3D1671915038%26sr%3D8-214-spons%26psc%3D1%26smid%3DA2CLCYF3CYUCXB;14;4.2 out of 5 stars;108
"Chrome Industries Buran III Messenger Bag - 17"""" Laptop Sling Bag, Seat Belt Buckle, Water Resistant, 24 Liter";https://www.amazon.com/gp/slredirect/picassoRedirect.html/ref=pa_sp_atf_next_aps_sr_pg14_1?ie=UTF8&adId=A02211033KQQQUJCNBE39&qualifier=1671915043&id=8975313681511307&widgetName=sp_atf_next&url=%2FChrome-Industries-Buran-Messenger-Liter%2Fdp%2FB08P5512T7%2Fref%3Dsr_1_209_sspa%3Fcrid%3D2JUKYBAPLWFUW%26keywords%3Dlaptop%26qid%3D1671915043%26sr%3D8-209-spons%26psc%3D1;160;4.3 out of 5 stars;81
230W Slim Tip AC Adapter for Lenovo Legion Y540 Y545 Y740 Y730 Y900 Y910 Y920 Y7000 ADL230NLC3A ADL230NDC3A 4X20E75111 Laptop Power Adapter Supply Cord;https://www.amazon.com/gp/slredirect/picassoRedirect.html/ref=pa_sp_atf_next_aps_sr_pg14_1?ie=UTF8&adId=A02262881NJ7VWJ2OERKN&qualifier=1671915043&id=8975313681511307&widgetName=sp_atf_next&url=%2FAdapter-Ideapad-ADL230NLC3A-ADL230NDC3A-4X20E75111%2Fdp%2FB0922GD91W%2Fref%3Dsr_1_210_sspa%3Fcrid%3D2JUKYBAPLWFUW%26keywords%3Dlaptop%26qid%3D1671915043%26sr%3D8-210-spons%26psc%3D1;59;5.0 out of 5 stars;3
Apple 2022 MacBook Air Laptop with M2 chip: 13.6-inch Liquid Retina Display, 8GB RAM, 512GB SSD Storage, Backlit Keyboard, 1080p FaceTime HD Camera. Works with iPhone and iPad;;;;
"SAMSUNG Galaxy Book Pro Windows 11 Intel Evo Platform Laptop Computer 13.3"" AMOLED Screen 11th Gen Intel Core i5 Processor 8GB Memory 256GB SSD Long-Lasting Battery, Mystic Blue";https://www.amazon.com/Samsung-Electronics-Platform-Processor-Long-Lasting/dp/B09D8SG1PH/ref=sr_1_215?crid=2JUKYBAPLWFUW&keywords=laptop&qid=1671915043&sr=8-215;869;4.4 out of 5 stars;39
"MEEDNV 19V 135W AC Adapter Charger for Acer Nitro 5 Gaming Laptop N18C3 AN515 V15 V17 7 Gaming Laptop Acer Aspire Z3 23"" 23.8"" Series Z3-615 Z3-710 Z3-715 Acer Predator Helios 300 Acer Aspire 7 A715";https://www.amazon.com/gp/slredirect/picassoRedirect.html/ref=pa_sp_mtf_aps_sr_pg14_1?ie=UTF8&adId=A0591073WWF77KUSY9R6&qualifier=1671915043&id=8975313681511307&widgetName=sp_mtf&url=%2FMEEDNV-Adapter-Charger-Gaming-Predator%2Fdp%2FB09NMG8S9N%2Fref%3Dsr_1_219_sspa%3Fcrid%3D2JUKYBAPLWFUW%26keywords%3Dlaptop%26qid%3D1671915043%26sr%3D8-219-spons%26psc%3D1;29;;
Suifdu Telephone Headset with Microphone Noise Cancelling for Landline Phone, Cell Phone Headset with 3.5mm Jack for PC Laptop Computer & Call Center Office Phone,Comfort Stylish Office Headset;https://www.amazon.com/gp/slredirect/picassoRedirect.html/ref=pa_sp_mtf_aps_sr_pg14_1?ie=UTF8&adId=A08562293HCOYB4URMYKZ&qualifier=1671915043&id=8975313681511307&widgetName=sp_mtf&url=%2FSuifdu-Telephone-Microphone-Cancelling-Landline%2Fdp%2FB0BHVXKVXY%2Fref%3Dsr_1_220_sspa%3Fcrid%3D2JUKYBAPLWFUW%26keywords%3Dlaptop%26qid%3D1671915043%26sr%3D8-220-spons%26psc%3D1;27;;
"Dell Latitude 5000 5430 14"" Notebook - Full HD - 1920 x 1080 - Intel Core i7 12th Gen i7-1265U Deca-core (10 Core) 1.80 GHz - 16 GB Total RAM - 512 GB SSD - Gray";https://www.amazon.com/Dell-Latitude-5000-5430-Notebook/dp/B0B78JSMXG/ref=sr_1_228?crid=2JUKYBAPLWFUW&keywords=laptop&qid=1671915043&sr=8-228;1,149.;;
200W AC Charger Fit for HP Omen Pavilion 15 16 17 15t 17t G3 G4 G5 G6 G7 G8 Zbook 15 17 ZBook Fury Create Studio Envy 15 2020 Victus 16 TPN-DA10 Gaming Laptop Power Adapter Supply;https://www.amazon.com/gp/slredirect/picassoRedirect.html/ref=pa_sp_btf_aps_sr_pg14_1?ie=UTF8&adId=A07512231VY8Q9WH2AS&qualifier=1671915043&id=8975313681511307&widgetName=sp_btf&url=%2FL00818-850-TPN-DA10-TPN-LA21-L73385-001-Pavilion%2Fdp%2FB0928Y12ND%2Fref%3Dsr_1_229_sspa%3Fcrid%3D2JUKYBAPLWFUW%26keywords%3Dlaptop%26qid%3D1671915043%26sr%3D8-229-spons%26psc%3D1;82;4.1 out of 5 stars;18
CYSPO USB 3.0 to 10/100/1000 Gigabit Ethernet Adapter for Laptop Plug & Play Compatible with MacBook Pro/Air, Surface, Notebook PC with Windows, Linux, XP, Vista, and More;https://www.amazon.com/gp/slredirect/picassoRedirect.html/ref=pa_sp_btf_aps_sr_pg14_1?ie=UTF8&adId=A05358621WLQKXXTX0GR4&qualifier=1671915043&id=8975313681511307&widgetName=sp_btf&url=%2FCYSPO-Gigabit-Ethernet-Compatible-Notebook%2Fdp%2FB0BK3B5Q4G%2Fref%3Dsr_1_230_sspa%3Fcrid%3D2JUKYBAPLWFUW%26keywords%3Dlaptop%26qid%3D1671915043%26sr%3D8-230-spons%26psc%3D1;59;;
SHEGINEL Selfie Ring Light, Type-C Rechargeable Phone Ring Light Clip on Ring Light for Phone/Computer/Laptop Use for Selfie/Makeup/Camping/Live Streaming/Video Conference;https://www.amazon.com/gp/slredirect/picassoRedirect.html/ref=pa_sp_atf_next_aps_sr_pg15_1?ie=UTF8&adId=A05672741AWBWQRJQATY3&qualifier=1671915048&id=7652921121035327&widgetName=sp_atf_next&url=%2FPortable-Battery-Capacity-Rechargeable-Conference%2Fdp%2FB08BWWGQY8%2Fref%3Dsr_1_225_sspa%3Fcrid%3D2JUKYBAPLWFUW%26keywords%3Dlaptop%26qid%3D1671915048%26sr%3D8-225-spons%26psc%3D1;14;4.2 out of 5 stars;365
DEJIMAX 14 Inch Privacy Screen Filter for MacBook Pro 14.2(2021) Privacy Screen Filter for MacBook Pro 14 Anti Glare Blue Light Privacy Screen Protector;https://www.amazon.com/gp/slredirect/picassoRedirect.html/ref=pa_sp_atf_next_aps_sr_pg15_1?ie=UTF8&adId=A08383701LFYZ5DU6IYMG&qualifier=1671915048&id=7652921121035327&widgetName=sp_atf_next&url=%2FDEJIMAX-Privacy-Screen-MacBook-Protector%2Fdp%2FB09XJV128R%2Fref%3Dsr_1_226_sspa%3Fcrid%3D2JUKYBAPLWFUW%26keywords%3Dlaptop%26qid%3D1671915048%26sr%3D8-226-spons%26psc%3D1;30;4.4 out of 5 stars;13
"MSI Stealth 15M 15.6"" FHD 144Hz Ultra Thin and Light Gaming Laptop: Intel Core i7-1260P RTX 3060 16GB DDR5 512GB NVMe SSD , Thunderbolt 4, Cooler Boost 5, Win11 Pro: Carbon Gray B12UE-040";https://www.amazon.com/MSI-Stealth-144Hz-Gaming-Laptop/dp/B09V7J44BM/ref=sr_1_229?crid=2JUKYBAPLWFUW&keywords=laptop&qid=1671915048&sr=8-229;1,399.;;
Belkin USB C Hub, 11-in-1 Multi-Port Laptop Dock with 4K HDMI, DP, VGA, USB C Docking Station with 100W Power Delivery, USB A, Gigabit Ethernet, SD, MicroSD, 3.5mm Port For MacBook Pro, Air and More;https://www.amazon.com/gp/slredirect/picassoRedirect.html/ref=pa_sp_mtf_aps_sr_pg15_1?ie=UTF8&adId=A06998843CCYS3V99ZHGH&qualifier=1671915048&id=7652921121035327&widgetName=sp_mtf&url=%2FBelkin-MultiPort-Pass-Through-Charging-Ethernet%2Fdp%2FB08PY4KLLT%2Fref%3Dsr_1_235_sspa%3Fcrid%3D2JUKYBAPLWFUW%26keywords%3Dlaptop%26qid%3D1671915048%26sr%3D8-235-spons%26psc%3D1;108;4.2 out of 5 stars;978
Lenovo Laptop Shoulder Bag Black;https://www.amazon.com/gp/slredirect/picassoRedirect.html/ref=pa_sp_mtf_aps_sr_pg15_1?ie=UTF8&adId=A06218703TIRTWMFVR2R6&qualifier=1671915048&id=7652921121035327&widgetName=sp_mtf&url=%2FLenovo-Laptop-Shoulder-Bag-Black%2Fdp%2FB0BGCGLQXJ%2Fref%3Dsr_1_236_sspa%3Fcrid%3D2JUKYBAPLWFUW%26keywords%3Dlaptop%26qid%3D1671915048%26sr%3D8-236-spons%26psc%3D1;19;;
Apple 2022 MacBook Air Laptop with M2 chip: 13.6-inch Liquid Retina Display, 8GB RAM, 512GB SSD Storage, Backlit Keyboard, 1080p FaceTime HD Camera. Works with iPhone and iPad;;;;
"2021 Newest Dell Inspiron 15 3000 Series 3593 Laptop, 15.6"" HD Non-Touch, 10th Gen Intel Core i3-1005G1 Processor, 8GB RAM, 256GB PCIe NVMe SSD, Webcam, HDMI, Wi-Fi, Bluetooth, Windows 10 Home, Black";https://www.amazon.com/Dell-Inspiron-Touchscreen-i3-1005G1-Wireless-AC/dp/B087ZRBJNN/ref=sr_1_243?crid=2JUKYBAPLWFUW&keywords=laptop&qid=1671915048&sr=8-243;495;4.5 out of 5 stars;133
"ASUS TUF Dash 15 (2022) Gaming Laptop, 15.6"" 144Hz FHD Display, Intel Core i7-12650H, GeForce RTX 3060, 16GB DDR5, 512GB SSD, Thunderbolt 4, Thunderbolt 4, Windows 11 Home, Off Black, FX517ZM-AS73";https://www.amazon.com/ASUS-Display-i7-12650H-Thunderbolt-FX517ZM-AS73/dp/B09RMH9B6F/ref=sr_1_244?crid=2JUKYBAPLWFUW&keywords=laptop&qid=1671915048&sr=8-244;1,198.;4.5 out of 5 stars;658
MacBook Pro Charger Power Adapter: 105W USB C Mac Book Air Laptop Charging Adapters, Fast Chargers Compatible with MacBook Pro 16/15/14/13 Inch,MacBook Air, iPad Pro 2021/2020/2019/2018(105W);https://www.amazon.com/gp/slredirect/picassoRedirect.html/ref=pa_sp_btf_aps_sr_pg15_1?ie=UTF8&adId=A03290772LP6583BSJ2KG&qualifier=1671915048&id=7652921121035327&widgetName=sp_btf&url=%2FMacBook-Pro-Charger-Power-Adapter%2Fdp%2FB0BC39PFFP%2Fref%3Dsr_1_245_sspa%3Fcrid%3D2JUKYBAPLWFUW%26keywords%3Dlaptop%26qid%3D1671915048%26sr%3D8-245-spons%26psc%3D1;39;4.4 out of 5 stars;20
Charger Fit for dell 130W USB C Slim AC Power Adapter for Dell Xps 17,Precision 5550 5530 2in1,XPS 15 2in1 9575，DA130PM170 HA130PM170 0K00F5 K00F5 0M0H25 M0H25 T4V18 Laptop Power Cord;https://www.amazon.com/gp/slredirect/picassoRedirect.html/ref=pa_sp_btf_aps_sr_pg15_1?ie=UTF8&adId=A05044082M75TUNAIT3ZA&qualifier=1671915048&id=7652921121035327&widgetName=sp_btf&url=%2FAdapter-Latitude-Precision-DA130PM170-HA130PM170%2Fdp%2FB09C897DMB%2Fref%3Dsr_1_246_sspa%3Fcrid%3D2JUKYBAPLWFUW%26keywords%3Dlaptop%26qid%3D1671915048%26sr%3D8-246-spons%26psc%3D1;41;4.6 out of 5 stars;3
Laptop Stand for Desk with Magnetic Phone Holder - Foldable Aluminum Anti-slip Vented Computer Notebook Holder Riser with Multi-Angle Adjustable Height Compatible with all Laptops - Travel Home Office;https://www.amazon.com/gp/slredirect/picassoRedirect.html/ref=pa_sp_atf_next_aps_sr_pg16_1?ie=UTF8&adId=A02134003GBDCC76PN6A9&qualifier=1671915053&id=5402965414791246&widgetName=sp_atf_next&url=%2FLaptop-Stand-Magnetic-Phone-Holder%2Fdp%2FB09WLFHB9M%2Fref%3Dsr_1_241_sspa%3Fcrid%3D2JUKYBAPLWFUW%26keywords%3Dlaptop%26qid%3D1671915053%26sr%3D8-241-spons%26psc%3D1;25;;
ZENGE 65W 45W USB C Charger Fit for Dell XPS 12 9250 XPS 13 9350 9360 9365 9370 9380,Latitude 7370 7280 7480 5480 7275 5290 7490 LA65NM170 2YKOF with Type C Laptop Power Supply Adapter Cord;https://www.amazon.com/gp/slredirect/picassoRedirect.html/ref=pa_sp_atf_next_aps_sr_pg16_1?ie=UTF8&adId=A06714611TE1GM9WOUE4C&qualifier=1671915053&id=5402965414791246&widgetName=sp_atf_next&url=%2FCharger-Latitude-LA65NM170-Laptop-Adapter%2Fdp%2FB08S33548P%2Fref%3Dsr_1_242_sspa%3Fcrid%3D2JUKYBAPLWFUW%26keywords%3Dlaptop%26qid%3D1671915053%26sr%3D8-242-spons%26psc%3D1;22;4.3 out of 5 stars;10
"ASUS TUF Dash 15 (2022) Gaming Laptop, 15.6"" 144Hz FHD Display, Intel Core i7-12650H, GeForce RTX 3060, 16GB DDR5, 512GB SSD, Thunderbolt 4, Thunderbolt 4, Windows 11 Home, Off Black, FX517ZM-AS73";https://www.amazon.com/ASUS-Display-i7-12650H-Thunderbolt-FX517ZM-AS73/dp/B09RMH9B6F/ref=sr_1_243?crid=2JUKYBAPLWFUW&keywords=laptop&qid=1671915053&sr=8-243;1,198.;4.5 out of 5 stars;658
HP 14 Laptop, AMD Ryzen 5 5500U, 8 GB RAM, 256 GB SSD Storage, 14-inch Full HD & WD 1TB Elements SE - Portable SSD, USB 3.0, Compatible with PC, Mac - WDBAYN0010BBK-WESN;https://www.amazon.com/HP-Laptop-Storage-14-inch-Elements/dp/B0BKV2NPQG/ref=sr_1_248?crid=2JUKYBAPLWFUW&keywords=laptop&qid=1671915053&sr=8-248;477;4.5 out of 5 stars;797
"Acer 2022 Chromebook 17.3"" FHD for Business and Student Laptop, Intel Celeron N4500 Processor, 4GB RAM, 64GB eMMC Flash Memory, Intel HD Graphics 630, Silver, Chrome OS, 128GB UBS Card";https://www.amazon.com/Acer-Chromebook-Business-Processor-Chrome-OS/dp/B0BFBFNZVD/ref=sr_1_251?crid=2JUKYBAPLWFUW&keywords=laptop&qid=1671915053&sr=8-251;239;4.0 out of 5 stars;16
2022 HP Pavilion Laptop, 14-inch HD Touchscreen, AMD 3000 Series Processor, Long Battery Life, Webcam, HDMI, Windows 10 + One Year of Office365 (14, 8GB RAM | 192GB Storage, Rose Gold);https://www.amazon.com/HP-Pavilion-Touchscreen-Processor-14/dp/B09VRDJ4L8/ref=sr_1_252?crid=2JUKYBAPLWFUW&keywords=laptop&qid=1671915053&sr=8-252;449;4.1 out of 5 stars;121
"Lenovo 2022 Chromebook Flex 3, 2-in-1 11.6"" HD Touchscreen for Business and Student Laptop, MediaTek MT8173C CPU, 4GB LPDDR3, 32GB eMMC, PowerVR Graphics, Webcam, Chrome OS, Grey, 128GB USB Card";https://www.amazon.com/Lenovo-Chromebook-Touchscreen-Computer-MediaTek/dp/B08LYYRJ1Q/ref=sr_1_257?crid=2JUKYBAPLWFUW&keywords=laptop&qid=1671915053&sr=8-257;189;4.4 out of 5 stars;121
EnvivaCor Leather Backpack for Men - Vintage Leather Backpack for Women, Trendy Fashionable Leather Laptop Bag for Travel, Genuine Full Grain Cowhide Leather (Brown);https://www.amazon.com/gp/slredirect/picassoRedirect.html/ref=pa_sp_atf_next_aps_sr_pg17_1?ie=UTF8&adId=A0640825XI7KAQ4Q9WUN&qualifier=1671915059&id=2324000266602262&widgetName=sp_atf_next&url=%2FLeather-Backpack-EnvivaCor-Vintage-Marbled%2Fdp%2FB097T22YRZ%2Fref%3Dsr_1_257_sspa%3Fcrid%3D2JUKYBAPLWFUW%26keywords%3Dlaptop%26qid%3D1671915059%26sr%3D8-257-spons%26psc%3D1;199;4.1 out of 5 stars;13
ZUOJAMO USB-C/Type-c Input to Rectangle 5.5x2.5mm Cable for Laptop Notebook (PD 65W);https://www.amazon.com/gp/slredirect/picassoRedirect.html/ref=pa_sp_atf_next_aps_sr_pg17_1?ie=UTF8&adId=A02647036V7M0LDJ7Y75&qualifier=1671915059&id=2324000266602262&widgetName=sp_atf_next&url=%2FZUOJAMO-Type-c-Rectangle-5-5x2-5mm-Notebook%2Fdp%2FB09QYP9DVS%2Fref%3Dsr_1_258_sspa%3Fcrid%3D2JUKYBAPLWFUW%26keywords%3Dlaptop%26qid%3D1671915059%26sr%3D8-258-spons%26psc%3D1;9;;
"Samsung Chromebook 4 (2021 Model) 11.6"" Intel UHD Graphics 600, Intel Celeron Processor N4020, 4GB, 32GB, Wi-Fi - (XE310XBA-KA1US)";https://www.amazon.com/Samsung-Chromebook-Graphics-Celeron-Processor/dp/B08M2X68W5/ref=sr_1_264?crid=2JUKYBAPLWFUW&keywords=laptop&qid=1671915059&sr=8-264;139;4.5 out of 5 stars;1,841
"Dell Latitude 7000 7430 14"" Notebook - Full HD - 1920 x 1080 - Intel Core i7 12th Gen i7-1255U Deca-core (10 Core) 1.70 GHz - 16 GB Total RAM - 16 GB On-Board Memory - 512 GB SSD - Carbon Fiber";https://www.amazon.com/Dell-Latitude-7430-Notebook-Board/dp/B0B793L144/ref=sr_1_266?crid=2JUKYBAPLWFUW&keywords=laptop&qid=1671915059&sr=8-266;1,249.;;
AC Charger Fit for Ideapad S210 S500 S510p U430 ThinkPad L440 L540 T440 Essential G500 59373039 0B46994 0B47008 ADLX90NCC3A ADLX90NDC3A Power Supply Cord;https://www.amazon.com/gp/slredirect/picassoRedirect.html/ref=pa_sp_mtf_aps_sr_pg17_1?ie=UTF8&adId=A0698012KY2YAPP091L5&qualifier=1671915059&id=2324000266602262&widgetName=sp_mtf&url=%2FThinkPad-Essential-59373039-ADLX90NCC3A-ADLX90NDC3A%2Fdp%2FB09XDY8Y19%2Fref%3Dsr_1_267_sspa%3Fcrid%3D2JUKYBAPLWFUW%26keywords%3Dlaptop%26qid%3D1671915059%26sr%3D8-267-spons%26psc%3D1;16;5.0 out of 5 stars;1
ZOIOT USB to USB3.0 Hub for PC / Laptop 6 in 1 Connector USB A to USB Female Adapter Supports Windows, macOS and More;https://www.amazon.com/gp/slredirect/picassoRedirect.html/ref=pa_sp_mtf_aps_sr_pg17_1?ie=UTF8&adId=A02395842EIFUAFQQWS5L&qualifier=1671915059&id=2324000266602262&widgetName=sp_mtf&url=%2FZOIOT-USB3-0-Adapter-Supports-Windows%2Fdp%2FB09XKBDKJN%2Fref%3Dsr_1_268_sspa%3Fcrid%3D2JUKYBAPLWFUW%26keywords%3Dlaptop%26qid%3D1671915059%26sr%3D8-268-spons%26psc%3D1;12;5.0 out of 5 stars;1
"Dell Inspiron 15 3000 Series 3511 Laptop, 15.6"" FHD Touchscreen Anti-Glare, 11th Gen Intel Core i5-1135G7 Quad-Core Processor, 16GB RAM, 512GB SSD, HDMI, Webcam, Windows 11, Black (Latest Model)";https://www.amazon.com/Dell-3000-Touchscreen-Anti-Glare-i5-1135G7/dp/B09NLBCJ86/ref=sr_1_269?crid=2JUKYBAPLWFUW&keywords=laptop&qid=1671915059&sr=8-269;599;3.8 out of 5 stars;5
"Dell Latitude 3000 3420 14"" Notebook - Full HD - 1920 x 1080 - Intel Core i5 11th Gen i5-1145G7 Quad-core (4 Core) 2.60 GHz - 8 GB RAM - 256 GB SSD - Black";https://www.amazon.com/Dell-Latitude-3000-3420-Notebook/dp/B096FX6ZH3/ref=sr_1_276?crid=2JUKYBAPLWFUW&keywords=laptop&qid=1671915059&sr=8-276;789;5.0 out of 5 stars;1
Noreanr Laptop Stand, Aluminum Laptop Riser Adjustable Height, Ergonomic Swivel Computer Riser for Laptop Compatible with 10 to 16 Inches Notebook Computer, Silver;https://www.amazon.com/gp/slredirect/picassoRedirect.html/ref=pa_sp_btf_aps_sr_pg17_1?ie=UTF8&adId=A0789986B4293Z8KIQTJ&qualifier=1671915059&id=2324000266602262&widgetName=sp_btf&url=%2FNoreanr-Aluminum-Adjustable-Ergonomic-Compatible%2Fdp%2FB0BK92DY4C%2Fref%3Dsr_1_277_sspa%3Fcrid%3D2JUKYBAPLWFUW%26keywords%3Dlaptop%26qid%3D1671915059%26sr%3D8-277-spons%26psc%3D1;27;;
GT Media 4-Port USB 3.0 Hub, High Speed Data Transfer Splitter, 4-in-1 USB 15cm Connector for PC Computer Laptop Desktop;https://www.amazon.com/gp/slredirect/picassoRedirect.html/ref=pa_sp_btf_aps_sr_pg17_1?ie=UTF8&adId=A063336519IR6Z00O06CS&qualifier=1671915059&id=2324000266602262&widgetName=sp_btf&url=%2FAdapter-Transfer-Splitter-Connector-Computer%2Fdp%2FB09H35Q7C4%2Fref%3Dsr_1_278_sspa%3Fcrid%3D2JUKYBAPLWFUW%26keywords%3Dlaptop%26qid%3D1671915059%26sr%3D8-278-spons%26psc%3D1;10;4.6 out of 5 stars;282
Zoom Lighting for Computer Monitor, Small Desk Ring Light with Clip, Laptop Light for Video Conferencing, Vlog, YouTube, Webcam Lighting, Remote Working, Live Streaming;https://www.amazon.com/gp/slredirect/picassoRedirect.html/ref=pa_sp_atf_next_aps_sr_pg18_1?ie=UTF8&adId=A07105802U3O5IADKF7O1&qualifier=1671915063&id=8315251169653639&widgetName=sp_atf_next&url=%2FLighting-Computer-Monitor-Conferencing-Streaming%2Fdp%2FB09KPTR5SB%2Fref%3Dsr_1_273_sspa%3Fcrid%3D2JUKYBAPLWFUW%26keywords%3Dlaptop%26qid%3D1671915063%26sr%3D8-273-spons%26psc%3D1;19;;
OctaneDOCK - USB-C | USB-A Triple DisplayLink Docking Station - 10 Gbps USB-A Ports | 10 Gbps USB-C Ports | Dual DisplayPort 4K @ 60hz | Triple HDMI 4K | Gigabit Ethernet | 130 Watt Power Supply;https://www.amazon.com/gp/slredirect/picassoRedirect.html/ref=pa_sp_atf_next_aps_sr_pg18_1?ie=UTF8&adId=A0819538A1XIZJVJ7IZJ&qualifier=1671915063&id=8315251169653639&widgetName=sp_atf_next&url=%2FOctaneDOCK-USB-DisplayLink-DisplaPort-Ethernet%2Fdp%2FB09CLMVYD8%2Fref%3Dsr_1_274_sspa%3Fcrid%3D2JUKYBAPLWFUW%26keywords%3Dlaptop%26qid%3D1671915063%26sr%3D8-274-spons%26psc%3D1;229;4.6 out of 5 stars;16
Apple 2022 MacBook Air Laptop with M2 chip: 13.6-inch Liquid Retina Display, 8GB RAM, 512GB SSD Storage, Backlit Keyboard, 1080p FaceTime HD Camera. Works with iPhone and iPad;;;;
"MSI Creator 15 15.6"" UHD 4K OLED Ultra Thin Bezel 100% DCI-P3 Thin and Light Creator Laptop Intel Core i7-11800H RTX3080 16GB DDR4 1TB NVMe SSD TB4 Win10 Pro VR Ready - Black (A11UH-631)";https://www.amazon.com/MSI-Creator-15-A11UH-631-Notebook/dp/B09FST77FX/ref=sr_1_276?crid=2JUKYBAPLWFUW&keywords=laptop&qid=1671915063&sr=8-276;2,099.;;
Panasonic Toughbook CF-31, i5 3rd Gen, 13.1 XGA Touchscreen, 16GB, 480GB SSD, Windows 10 Pro, WiFi, Bluetooth, GPS, DVD Multi Drive, 4G LTE (Renewed);https://www.amazon.com/Panasonic-Toughbook-Touchscreen-Windows-Bluetooth/dp/B082WKBZBX/ref=sr_1_277?crid=2JUKYBAPLWFUW&keywords=laptop&qid=1671915063&sr=8-277;627;4.1 out of 5 stars;186
"2022 HP Chromebook 11.6"" HD for Business and Student Laptop, Intel Celeron N3350 Processor, 4GB RAM, 160GB Storage( 32GB eMMc+128GB MicroSD), Intel HD Graphics, HD Webcam, Gray, Chrome OS";https://www.amazon.com/HP-Chromebook-160GB-Storage-32GB-eMMc-128GB-MicroSD/dp/B0B4F5GPH5/ref=sr_1_278?crid=2JUKYBAPLWFUW&keywords=laptop&qid=1671915063&sr=8-278;175;4.4 out of 5 stars;52
"Lenovo IdeaPad S150 (81VS0001US) Laptop, 14"" HD Display, AMD A6-9220e Upto 2.4GHz, 4GB RAM, 64GB eMMC, HDMI, Card Reader, Wi-Fi, Bluetooth, Windows 10 Home, Silver";https://www.amazon.com/Lenovo-S150-81VS0001US-A6-9220e-Bluetooth/dp/B081ZGN8JQ/ref=sr_1_279?crid=2JUKYBAPLWFUW&keywords=laptop&qid=1671915063&sr=8-279;179;3.9 out of 5 stars;1,579
HP Pavilion 15 Laptop, 11th Gen Intel Core i5-1135G7 Processor, 8 GB RAM, 515 GB SSD Storage, HD IPS Micro-Edge Display, Windows 10 Home, Compact Design, Long Battery Life (15-eg0010nr, 2020);https://www.amazon.com/HP-i5-1135G7-Processor-Micro-Edge-15-eg0010nr/dp/B08KGZVHCV/ref=sr_1_280?crid=2JUKYBAPLWFUW&keywords=laptop&qid=1671915063&sr=8-280;637;4.4 out of 5 stars;61
"6.35mm 1/4"" Male to 3.5mm 1/8"" Male TRS Stereo Audio Cable 85ft, 3.5mm to 6.35mm Stereo Audio Cable for Guitar, iPod, Laptop, Home Theater Devices, Speaker and Amplifiers";https://www.amazon.com/gp/slredirect/picassoRedirect.html/ref=pa_sp_mtf_aps_sr_pg18_1?ie=UTF8&adId=A072504528P4YOILOBP5L&qualifier=1671915063&id=8315251169653639&widgetName=sp_mtf&url=%2F6-35mm-Theater-Devices-Speaker-Amplifiers%2Fdp%2FB08K3PVND9%2Fref%3Dsr_1_283_sspa%3Fcrid%3D2JUKYBAPLWFUW%26keywords%3Dlaptop%26qid%3D1671915063%26sr%3D8-283-spons%26psc%3D1;41;4.3 out of 5 stars;238
Anti Blue Light Screen Protector 14 Inch, Removable 16:9 Aspect Filter Screen, Anti Glare Blue Light Slide Mount Tabs Cover for Generic Computer Moniter Anti Blue Light Shield 14 inch;https://www.amazon.com/gp/slredirect/picassoRedirect.html/ref=pa_sp_mtf_aps_sr_pg18_1?ie=UTF8&adId=A06019901KP9WHT6H8A0R&qualifier=1671915063&id=8315251169653639&widgetName=sp_mtf&url=%2FAnti-Light-Screen-Protector-Removable%2Fdp%2FB0BLCJZ2CG%2Fref%3Dsr_1_284_sspa%3Fcrid%3D2JUKYBAPLWFUW%26keywords%3Dlaptop%26qid%3D1671915063%26sr%3D8-284-spons%26psc%3D1;12;;
180W AC Charger Adapter Fit for Acer Predator Helios 300 Gaming Laptop PH315-51-78NP G3-571-77QK G3-571 G3-572 PH315-51 PH315-52 PH317-51 PH317-52 Acer Nitro 5 AN515-55-55E3 ADP-180MB K Power Supply;https://www.amazon.com/gp/slredirect/picassoRedirect.html/ref=pa_sp_btf_aps_sr_pg18_1?ie=UTF8&adId=A0243315ZQGUKYQHCOB0&qualifier=1671915063&id=8315251169653639&widgetName=sp_btf&url=%2FPredator-PH315-51-78NP-G3-571-77QK-AN515-55-55E3-ADP-180MB%2Fdp%2FB0BK9VHXBG%2Fref%3Dsr_1_293_sspa%3Fcrid%3D2JUKYBAPLWFUW%26keywords%3Dlaptop%26qid%3D1671915063%26sr%3D8-293-spons%26psc%3D1;37;;
USB C Docking Station, 8 in 1 with 4K HDMI, USB 2.0, USB 3.0, 100W PD, SD/TF Card Reader and RJ45 Ethernet, USB C/Type C Hub for MacBook Pro/Air, Lenovo Yoga, Dell XPS, etc.;https://www.amazon.com/gp/slredirect/picassoRedirect.html/ref=pa_sp_btf_aps_sr_pg18_1?ie=UTF8&adId=A06325331KH7IL5B1X14Z&qualifier=1671915063&id=8315251169653639&widgetName=sp_btf&url=%2FDocking-Station-Reader-Ethernet-MacBook%2Fdp%2FB0B8CQ1B55%2Fref%3Dsr_1_294_sspa%3Fcrid%3D2JUKYBAPLWFUW%26keywords%3Dlaptop%26qid%3D1671915063%26sr%3D8-294-spons%26psc%3D1;27;4.5 out of 5 stars;19
KORDOVO Vertical Laptop Stand-3 Slots Space-Saving Desktop Stand Holder with Adjustable Dock Size (up to 17.3 inches) Compatible with All MacBook Pro/Air/Microsoft Surface/ Gaming Laptops (Silver);https://www.amazon.com/gp/slredirect/picassoRedirect.html/ref=pa_sp_atf_next_aps_sr_pg19_1?ie=UTF8&adId=A09022332ZPBJWCCUEXGS&qualifier=1671915068&id=3416366301399414&widgetName=sp_atf_next&url=%2FKORDOVO-Space-Saving-Adjustable-Compatible-Microsoft%2Fdp%2FB0B4VNM4ZY%2Fref%3Dsr_1_289_sspa%3Fcrid%3D2JUKYBAPLWFUW%26keywords%3Dlaptop%26qid%3D1671915068%26sr%3D8-289-spons%26psc%3D1;27;5.0 out of 5 stars;9
"UGREEN 140W USB C Charger Nexode PPS PD 3.1 3-Port GaN Laptop Charger Compatible with MacBook Pro 16"", MacBook Air, Dell XPS 15/13, iPad Pro, iPhone 14/13 Series, Galaxy, Steam Deck";https://www.amazon.com/gp/slredirect/picassoRedirect.html/ref=pa_sp_atf_next_aps_sr_pg19_1?ie=UTF8&adId=A05022751FBWPXOVN0KSO&qualifier=1671915068&id=3416366301399414&widgetName=sp_atf_next&url=%2FUGREEN-Charger-Nexode-Compatible-MacBook%2Fdp%2FB0B129DM9T%2Fref%3Dsr_1_290_sspa%3Fcrid%3D2JUKYBAPLWFUW%26keywords%3Dlaptop%26qid%3D1671915068%26sr%3D8-290-spons%26psc%3D1;119;4.5 out of 5 stars;87
"2022 HP Chromebook 11.6"" HD for Business and Student Laptop, Intel Celeron N3060 Processor, 4GB RAM, 48GB Storage(16GB eMMc+32GB MicroSD), Intel HD Graphics, Gray, Chrome OS";https://www.amazon.com/HP-Chromebook-Processor-48GB-Storage-Chrome-OS/dp/B0B56M86VR/ref=sr_1_291?crid=2JUKYBAPLWFUW&keywords=laptop&qid=1671915068&sr=8-291;139;;
SAMSUNG Galaxy Chromebook 4 11.6” 64GB Laptop Computer w/ 4GB RAM, Gigabit WiFi, HD Intel Celeron Processor, Compact Design, Military Grade Durability, US Version, Silver;https://www.amazon.com/Samsung-Chromebook-Celeron-Processor-Gigabit/dp/B07XL4JHXR/ref=sr_1_295?crid=2JUKYBAPLWFUW&keywords=laptop&qid=1671915068&sr=8-295;200;4.4 out of 5 stars;4,089
Anti Blue Light Screen Protector 15.6 Inch, Removable 16:9 Aspect Filter Screen, Anti Glare Blue Light Slide Mount Tabs Cover for Generic Computer Moniter Anti Blue Light Shield 15.6 inch;https://www.amazon.com/gp/slredirect/picassoRedirect.html/ref=pa_sp_mtf_aps_sr_pg19_1?ie=UTF8&adId=A060209060S3N3J58RS1&qualifier=1671915068&id=3416366301399414&widgetName=sp_mtf&url=%2FAnti-Light-Screen-Protector-Removable%2Fdp%2FB0BLCNWXMB%2Fref%3Dsr_1_299_sspa%3Fcrid%3D2JUKYBAPLWFUW%26keywords%3Dlaptop%26qid%3D1671915068%26sr%3D8-299-spons%26psc%3D1;13;;
Portable Desk for Laptop,Adjustable Computer Standing Desk with Heights and Angles for Home Office,Laptop Stand for Desk,Folding Laptop Table for Bed/Sofa/Couch/Floor/Outdoor;https://www.amazon.com/gp/slredirect/picassoRedirect.html/ref=pa_sp_mtf_aps_sr_pg19_1?ie=UTF8&adId=A01405852R1N912L5VA9M&qualifier=1671915068&id=3416366301399414&widgetName=sp_mtf&url=%2FPortable-Adjustable-Computer-Standing-Heights%2Fdp%2FB09Y5KZ5HD%2Fref%3Dsr_1_300_sspa%3Fcrid%3D2JUKYBAPLWFUW%26keywords%3Dlaptop%26qid%3D1671915068%26sr%3D8-300-spons%26psc%3D1;54;5.0 out of 5 stars;6
Victus 16 Gaming Laptop, NVIDIA GeForce RTX 3050, AMD Ryzen 5 5600H Processor & SteelSeries QcK Gaming Surface - Medium Cloth - Optimized for Gaming Sensors;https://www.amazon.com/Victus-GeForce-Processor-SteelSeries-Surface/dp/B0BBFZBZHV/ref=sr_1_301?crid=2JUKYBAPLWFUW&keywords=laptop&qid=1671915068&sr=8-301;888;4.4 out of 5 stars;57
Dell XPS 15 9500 15.6 inch UHD+ Touchscreen Laptop - 10th Gen Intel Core i7-10750H 6-Core up to 5.00 GHz CPU, 32GB DDR4 RAM, 1TB PCIe SSD, NVIDIA GeForce GTX 1650 Ti 4GB GDDR6, Windows 10 Pro, Silver;https://www.amazon.com/Dell-XPS-15-9500-Touchscreen/dp/B08FNJJ2Y1/ref=sr_1_302?crid=2JUKYBAPLWFUW&keywords=laptop&qid=1671915068&sr=8-302;2,398.;5.0 out of 5 stars;2
"Newest 2020 HP 14"" Laptop 10th Gen Intel Core i3-1005G1 Processor 1.2GHz 4GB DDR4 2666 SDRAM 128GB SSD Windows 10";https://www.amazon.com/Newest-HP-i3-1005G1-Processor-Windows/dp/B0848TB4VX/ref=sr_1_306?crid=2JUKYBAPLWFUW&keywords=laptop&qid=1671915068&sr=8-306;385;4.6 out of 5 stars;465
"Coolwill Laptop Stand, Ergonomic Aluminum Notebook Stand Holder for Desk, Anti-Slip Foldable Adjustable Laptop Riser, 360° Rotating Computer Stand Compatible with MacBook Air All 10-16"" Laptops";https://www.amazon.com/gp/slredirect/picassoRedirect.html/ref=pa_sp_btf_aps_sr_pg19_1?ie=UTF8&adId=A01987753GH6822QN7D6T&qualifier=1671915068&id=3416366301399414&widgetName=sp_btf&url=%2FCoolwill-Ergonomic-Anti-Slip-Adjustable-Compatible%2Fdp%2FB0BK399MXD%2Fref%3Dsr_1_309_sspa%3Fcrid%3D2JUKYBAPLWFUW%26keywords%3Dlaptop%26qid%3D1671915068%26sr%3D8-309-spons%26psc%3D1%26smid%3DA2AJMI9SOLQYXJ;39;5.0 out of 5 stars;1
New 90W TPN-CA09 (937520-002) 90 Watt 19.5V 4.62A AC/DC Adapter&Cord for HP Laptop;https://www.amazon.com/gp/slredirect/picassoRedirect.html/ref=pa_sp_btf_aps_sr_pg19_1?ie=UTF8&adId=A060308632OTN18T4CEBR&qualifier=1671915068&id=3416366301399414&widgetName=sp_btf&url=%2FTPN-CA09-937520-002-19-5V-Adapter-Laptop%2Fdp%2FB09SG98PY4%2Fref%3Dsr_1_310_sspa%3Fcrid%3D2JUKYBAPLWFUW%26keywords%3Dlaptop%26qid%3D1671915068%26sr%3D8-310-spons%26psc%3D1;45;;
VGA Cable 15Feet,Abireiv VGA to VGA HD15 Monitor Cable for PC Laptop TV Projector;https://www.amazon.com/gp/slredirect/picassoRedirect.html/ref=pa_sp_atf_next_aps_sr_pg20_1?ie=UTF8&adId=A0166248P0LMR8Y17NVX&qualifier=1671915073&id=704510072004983&widgetName=sp_atf_next&url=%2F15Feet-Abireiv-Monitor-Laptop-Projector%2Fdp%2FB09TKW473H%2Fref%3Dsr_1_305_sspa%3Fcrid%3D2JUKYBAPLWFUW%26keywords%3Dlaptop%26qid%3D1671915073%26sr%3D8-305-spons%26psc%3D1;9;4.4 out of 5 stars;12
Anti Blue Light Screen Protector for MacBook Pro 16 inch 2021, MacBook 16 in Screen Protector Blue Light Blocking Screen Filter Eye Protection Blue Light Filter Blocking UV Compatible with Mac A2485;https://www.amazon.com/gp/slredirect/picassoRedirect.html/ref=pa_sp_atf_next_aps_sr_pg20_1?ie=UTF8&adId=A06771892IGLWMABDUUGD&qualifier=1671915073&id=704510072004983&widgetName=sp_atf_next&url=%2FProtector-MacBook-Blocking-Protection-Compatible%2Fdp%2FB09XDZS3FS%2Fref%3Dsr_1_306_sspa%3Fcrid%3D2JUKYBAPLWFUW%26keywords%3Dlaptop%26qid%3D1671915073%26sr%3D8-306-spons%26psc%3D1;20;4.3 out of 5 stars;11
Razer Blade 15 Gaming Laptop: NVIDIA GeForce RTX 3070 - 10th Gen Intel 8-Core i7 CPU - 15.6” FHD 360Hz - 16GB RAM - 1TB SSD - CNC Aluminum - Chroma RGB - THX Spatial Audio - Thunderbolt 3;https://www.amazon.com/Razer-Blade-Advanced-Gaming-Laptop/dp/B08SJJ9MQ5/ref=sr_1_307?crid=2JUKYBAPLWFUW&keywords=laptop&qid=1671915073&sr=8-307;2,599.;4.3 out of 5 stars;57
KINGDATA mSATA SSD 128GB 3D NAND TLC SATA III 6 Gb/s, mSATA (30x50.9mm) Internal Solid State Drive - Compatible with Desktop PC Laptop - (MSATA 128GB);https://www.amazon.com/gp/slredirect/picassoRedirect.html/ref=pa_sp_mtf_aps_sr_pg20_1?ie=UTF8&adId=A100845932WGYUTSH5BUL&qualifier=1671915073&id=704510072004983&widgetName=sp_mtf&url=%2FKINGDATA-mSATA-128GB-30x50-9mm-Internal%2Fdp%2FB09TN3MPXL%2Fref%3Dsr_1_309_sspa%3Fcrid%3D2JUKYBAPLWFUW%26keywords%3Dlaptop%26qid%3D1671915073%26sr%3D8-309-spons%26psc%3D1;19;4.7 out of 5 stars;4
Laptop Bag for Women 15.6 Inch Lightweight | Leather Computer Tote Bag | Business Office Briefcase Bag;https://www.amazon.com/gp/slredirect/picassoRedirect.html/ref=pa_sp_mtf_aps_sr_pg20_1?ie=UTF8&adId=A0396968PJMXO7JGNCLD&qualifier=1671915073&id=704510072004983&widgetName=sp_mtf&url=%2FLightweight-Leather-Computer-Business-Briefcase%2Fdp%2FB0BM42H9M1%2Fref%3Dsr_1_310_sspa%3Fcrid%3D2JUKYBAPLWFUW%26keywords%3Dlaptop%26qid%3D1671915073%26sr%3D8-310-spons%26psc%3D1;92;;
MOFT Magnetic Laptop iPhone Mount, Continuity Camera Mount, Foldaway Portable Laptop Top & Side Holder for Dual-Screen Setup - Gray;https://www.amazon.com/gp/slredirect/picassoRedirect.html/ref=pa_sp_btf_aps_sr_pg20_1?ie=UTF8&adId=A002625529QDFIVSNVGUV&qualifier=1671915073&id=704510072004983&widgetName=sp_btf&url=%2FMOFT-Magnetic-Continuity-Foldaway-Dual-Screen%2Fdp%2FB0BLRS7JDV%2Fref%3Dsr_1_311_sspa%3Fcrid%3D2JUKYBAPLWFUW%26keywords%3Dlaptop%26qid%3D1671915073%26sr%3D8-311-spons%26psc%3D1;29;4.0 out of 5 stars;1
40W USB-C Power Adapter 2-Port 20W+20W Type C Compact Foldable Fast Wall Charger Block for MacBook Air M1 M2, iPhone 14 13 12 Mini/Pro/Pro Max, Galaxy, Pixel 4/3, iPad etc. (with 1 USB C to C Cable);https://www.amazon.com/gp/slredirect/picassoRedirect.html/ref=pa_sp_btf_aps_sr_pg20_1?ie=UTF8&adId=A0551894498FEGLV89X8&qualifier=1671915073&id=704510072004983&widgetName=sp_btf&url=%2FAdapter-Compact-Foldable-Charger-MacBook%2Fdp%2FB0BFHQNMJH%2Fref%3Dsr_1_312_sspa%3Fcrid%3D2JUKYBAPLWFUW%26keywords%3Dlaptop%26qid%3D1671915073%26sr%3D8-312-spons%26psc%3D1;20;3.9 out of 5 stars;21
