Name,PriceCurrent


Ноутбук игровой Thunderobot 911 Air D (JT0098E06RU),54 999 ₽
Ноутбук Apple MacBook Air 13 M1/8/256 Space Gray,54 999 ₽
Ноутбук HUAWEI MateBook D 15 BoM-WFQ9 5500U/16+512 Mystic Silver,54 999 ₽
Ноутбук Lenovo V15 G2 ITL 82KB00N5UK,54 999 ₽
Ноутбук HUAWEI MateBook D 14 2021 NbD-WDH9 8/512GB Mystic Silver,54 999 ₽
Ноутбук HUAWEI MateBook D 15 BOD-WDI9 8+256 Mystic Silver,54 999 ₽
Ноутбук HUAWEI MateBook D 15 2021 BoD-WDH9 8/512GB Mystic Silver,54 999 ₽
Ноутбук HUAWEI MateBook D 16 RLEF-X i7-12700H/16+512 Space Grey,54 999 ₽
Ноутбук HUAWEI MateBook D 16 RLEF-X i5-12500H/16+512 Space Grey,54 999 ₽
Ноутбук Apple MacBook Air 13 M2 8/256GB Space Grey (MLXW3),54 999 ₽
Ноутбук Apple MacBook Air 13 M1/8/256 Gold (MGND3),54 999 ₽
Ноутбук HUAWEI MateBook 16S CREF-X (53013DSU),54 999 ₽
Ноутбук Xiaomi RedmiBook 15 JYU4525RU,54 999 ₽
Ноутбук ASUS VivoBook 14 F415EA-UB34,54 999 ₽
Ноутбук Apple MacBook Pro 13 M2 8/256GB Space Gray (MNEH3),54 999 ₽
Ноутбук Apple MacBook Pro 14 M1 Pro/16/512 Space Gray (MKGP3),54 999 ₽
Ноутбук HUAWEI MateBook D 15 BoM-WDQ9 5500U/8+512 Mystic Silver,54 999 ₽
Ноутбук игровой Lenovo Ideapad Gaming 3 15IHU6 82K10198IN,54 999 ₽
Ноутбук Acer Aspire 3 A315-34 (NX.HE3ER.026),54 999 ₽
Ноутбук HUAWEI MateBook D 14 NbD-WDI9 8+256 Mystic Silver,54 999 ₽
Ноутбук игровой Thunderobot 911 Plus Pro (JT009UE07RU),54 999 ₽
Ноутбук Lenovo IdeaPad 3 14ADA05 (81W000KNRU),54 999 ₽
Ноутбук игровой Thunderobot 911 Air XD (JT0090E08RU),54 999 ₽
Ноутбук Lenovo IdP 3 15IGL05/81WQ007EUE,54 999 ₽
Ноутбук HP 240 G7 2V0E3ES,17 999 ₽
Ноутбук Irbis NB287,17 999 ₽
Ноутбук Apple MacBook Pro 13 M1/8/256 Space Gray,17 999 ₽
Ноутбук HUAWEI MateBook X Pro MRGF-X (53013GCT),17 999 ₽
Ноутбук Digma EVE 15 C423 Cel N3350 (ES5069EW),17 999 ₽
Ноутбук HUAWEI KLVL-W56W 53013MNG Space Gray,17 999 ₽
Ноутбук Apple MacBook Pro 14 M1 Pro/16/512 Silver (MKGR3),17 999 ₽
Ноутбук HP 15-dy2067ms 4W2K2UA,17 999 ₽
Ноутбук Honor MagicBook X14 i5/8/512 Silver (NBR-WAH9),17 999 ₽
Ноутбук Apple MacBook Air 13.6 M2 8/256GB Starlight (MLY13),17 999 ₽
Ноутбук Honor MagicBook 16 R5/16/512 Space Grey (HYM-W56),17 999 ₽
Ноутбук Lenovo IdeaPad 3 15IGL05 81WQ007EUE,17 999 ₽
Ноутбук Honor MagicBook X15 i5/8/512 Gray (BBR-WAH9),17 999 ₽
Ноутбук Irbis 15NBC1000,17 999 ₽
Ноутбук HUAWEI MateBook 16S CREF-X (53013DRK),17 999 ₽
Ноутбук Apple MacBook Air 13 M2 8/256GB Midnight (MLY33),17 999 ₽
Ноутбук Irbis NB266,17 999 ₽
Ноутбук HUAWEI MateBook 14S HKF-X 53013ECN Gr,17 999 ₽
Ноутбук HUAWEI MateBook 14 KLVD-WFH9 16+512 Space Grey,17 999 ₽
Ноутбук игровой GIGABYTE G5 KD-52EE123SD,17 999 ₽
Ноутбук-трансформер Acer Spin 1 114-31 (NX.ABWER.003),17 999 ₽
Ноутбук HUAWEI MateBook X Pro MRGF-X (53013GCR),17 999 ₽
Ноутбук ASUS Vivobook R465JA-EB1467W,17 999 ₽
Ноутбук-трансформер Irbis NB121,17 999 ₽
Ноутбук Honor MagicBook 15 R5/16/512 Space Grey (BMH-WFQ9HN),71 999 ₽
Ноутбук Lenovo IdeaPad 3 15ITL05 81X800KLUS,71 999 ₽
Ноутбук Honor MagicBook X15 i5/16/512 Grey (BBR-WAH9),71 999 ₽
Ноутбук Xiaomi RedmiBook 15 JYU4532RU,71 999 ₽
Ноутбук Lenovo IdeaPad 3 17 82H900EFUS,71 999 ₽
Ноутбук ASUS Vivobook R565JA-BQ2497W,71 999 ₽
Ноутбук Acer Swift 1 SF114-34-P22P NX.A75ER.006,71 999 ₽
Ноутбук Honor MagicBook X 15 i3 8/256 Gray (BBR-WAI9),71 999 ₽
Ноутбук игровой Thunderobot 911 MR Max (JT009ZE07RU),71 999 ₽
Ноутбук Apple MacBook Air 13 M2 8c/8c 8/256GB Silver (MLXY3),71 999 ₽
Ноутбук Irbis NB256,71 999 ₽
Ноутбук Acer Aspire 3 A315-56-34UJ (NX.HS5ER.02D),71 999 ₽
Ноутбук Haier U1530EM,71 999 ₽
Ноутбук Lenovo IdeaPad 3 14ADA05 (81W000KQRU),71 999 ₽
Ноутбук Lenovo IdeaPad 1 14IGL05 (81VU00H3RU),71 999 ₽
Ноутбук игровой Haier GG1505A,71 999 ₽
Ноутбук Digma EVE 11 C408 (ES2055EW),71 999 ₽
Ноутбук игровой Thunderobot 911 Plus X (JT009WE07RU),71 999 ₽
Ноутбук Acer Aspire 3 A315-35 (NX.A6LER.004),71 999 ₽
Ноутбук ASUS R465JA-EK1430W(90NB0ST1-M22330),71 999 ₽
Ноутбук-трансформер Digma EVE 11 C421Y Cel N4020 (ES1067EW),71 999 ₽
Ноутбук Haier U1550SM,71 999 ₽
Ноутбук Apple MacBook Pro 14 M1 Pro/16/512 Space Gray MKGP3RU/A,71 999 ₽
Ноутбук Lenovo V15 G2 ALC 82KD008NUK,71 999 ₽
Ноутбук Acer Swift 3 SF314-43 (NX.AB1ER.00Y),64 999 ₽
Ноутбук Lenovo IdeaPad 3 14ADA05 (81W000FXRU),64 999 ₽
Ноутбук Apple MacBook Pro 16 M1 Pro/16/512 Space Gray,64 999 ₽
Ноутбук Apple MacBook Air 13.6 M2 8/512GB Starlight (MLY23),64 999 ₽
Ноутбук игровой Haier GG1502XD,64 999 ₽
Ноутбук игровой ASUS ROG STRIX G17 G713IM-HX017W(90NR05D2-M001T0),64 999 ₽
Ноутбук Acer Aspire 3 A315-56 (NX.HS5ER.02B),64 999 ₽
Ноутбук Digma EVE 14 C415 Dark Grey (ES4061EW),64 999 ₽
Ноутбук Lenovo IdeaPad 3 15IIL05 (81WE01BFRU),64 999 ₽
Ноутбук игровой HP Victus 15-fa0031dx,64 999 ₽
Ноутбук Apple MacBook Pro 13 M2 8/256GB Silver (MNEP3),64 999 ₽
Ноутбук HUAWEI MateBook D 15 BoD-WDH9/53012TLT 8/512GB SpaceGrey,64 999 ₽
Ноутбук ASUS R429MA-EK1506W (90NB0Q11-M41660),64 999 ₽
Ноутбук Lenovo IdeaPad 3 15ALC6 82KU009GRK,64 999 ₽
Ноутбук-трансформер Lenovo IdeaPad Flex 5 14ITL05 (82HS00K8RU),64 999 ₽
Ноутбук Apple MacBook Pro 16 M1 Pro/16/512 Space Gray MK183RU/A,64 999 ₽
Ноутбук Lenovo Yoga Slim 7 14ARE05 (82A200F8RU),64 999 ₽
Ноутбук ASUS R565JF-BR367 (90NB0SW2-M000A0),64 999 ₽
Ноутбук ASUS E410MA-TB.CL464BK,64 999 ₽
Ноутбук HP 250 G7 197V0EA,64 999 ₽
Ноутбук игровой MSI Katana GF66 11UE-655RU,64 999 ₽
Ноутбук HUAWEI MateBook E DRC-W56 16+512GB Grey,64 999 ₽
Ноутбук Apple MacBook Air 13 M1/8/256 Space Gray,64 999 ₽
Ноутбук HUAWEI MateBook 14s HKD-W76 16+512GB Spruce Green,64 999 ₽
Ноутбук Digma EVE 15 P418 (ES5064EW),22 999 ₽
Ноутбук HUAWEI MateBook X Pro MRGF-X (53013MER),22 999 ₽
Ноутбук игровой Thunderobot 911 Air XL D (i5-11400H/16GB/256+1TB/RTX3050/DOS),22 999 ₽
Ноутбук Acer Aspire 3 A315-34-C9WH NX.HE3ER.01V,22 999 ₽
Ноутбук MSI Modern 15 A10M-658RU,22 999 ₽
Ноутбук ASUS ZenBook R565EA-BQ2091W,22 999 ₽
Ноутбук Irbis NB268,22 999 ₽
Ноутбук ASUS R528EA-EJ2414W,22 999 ₽
Ноутбук Acer Aspire 5 A515-45 (NX.A84ER.00M),22 999 ₽
Ноутбук ASUS R465JA-EB1262T,22 999 ₽
Ноутбук Apple MacBook Air 13 M2 8c/10c 8/512GB Silver (MLY03),22 999 ₽
Ноутбук-трансформер Acer Spin 1 SP114-31 (NX.ABGER.005),22 999 ₽
Ноутбук для бизнеса HP 250 G8 27K08EA,22 999 ₽
Ноутбук ASUS R522MA-EJ693W,22 999 ₽
Ноутбук HP 15s-eq2107ur 5R9R6EA,22 999 ₽
Ноутбук ASUS Vivobook R465JA-EB1438W,22 999 ₽
Ноутбук игровой Lenovo Legion 5 15ITH6H (82JH003SFE),22 999 ₽
Ноутбук Honor MagicBook X 14 i3/8/256 Space Gray (NBR-WAI9),22 999 ₽
Ноутбук ASUS R565JF-BQ294T,22 999 ₽
Ноутбук Acer Aspire 3 A315-23-R384 (NX.HVTER.02R),22 999 ₽
Ноутбук игровой Lenovo IdeaPad Gaming 3 (82K201RWRK),22 999 ₽
Ноутбук Irbis NB258,22 999 ₽
Ноутбук Lenovo IdeaPad 3 14IGL05 81WH0018AK,22 999 ₽
Ноутбук игровой Lenovo IdeaPad Gaming 3 15IHU6 (82K1010KRK),22 999 ₽
Ноутбук ASUS M3500QC-L1323W,84 999 ₽
Ноутбук HP 15s-eq2019nia,84 999 ₽
Ноутбук Lenovo IdeaPad 3 15ITL05 (81X800BSRU),84 999 ₽
Ноутбук ASUS F415JA-EB1737W Slate Grey,84 999 ₽
Ноутбук HUAWEI MateBook D 15 BoD-WFE9 16+512GB Space Grey,84 999 ₽
Ноутбук HUAWEI MateBook 14S HKD-W76 16+1TB Space Grey,84 999 ₽
Ноутбук ASUS VivoBook S14 S433JQ-EB076T,84 999 ₽
Ноутбук ASUS R565JA-BQ2748,84 999 ₽
Ноутбук Haier i1500SM,84 999 ₽
Ноутбук Honor MagicBook 15 R5/8/512 Silver (BMH-WDQ9HN),84 999 ₽
Ноутбук игровой Lenovo IdeaPad Gaming 3 (82K201R0RK),84 999 ₽
Ноутбук Irbis NB141,84 999 ₽
Ноутбук HUAWEI MateBook X Pro MACHD-WFE9Q 16+1TB Emerald Green,84 999 ₽
Ноутбук Irbis NB264,84 999 ₽
Ноутбук HUAWEI MateBook X Pro MACHD-WFE9Q 16+512GB Space Grey,84 999 ₽
Ноутбук Digma EVE 14 C424 Cel N3350 (ET4070EW),84 999 ₽
Ноутбук Apple MacBook Pro 13 M2 8/512GB Space Gray (MNEJ3),84 999 ₽
Ноутбук Apple MacBook Pro 16 M1 Pro/16/512 Silver,84 999 ₽
Ноутбук Haier P1500SM,84 999 ₽
Ноутбук Lenovo IdeaPad 1 14IGL05 81VU00D6US,84 999 ₽
Ноутбук HP Pavilion Aero 13-be0009ur 491J7EA,84 999 ₽
Ноутбук HP 15s-fq2151ur 5R9R8EA,84 999 ₽
Ноутбук HUAWEI MateBook 14 KLVL-W56W 16+512GB Space Grey,84 999 ₽
Ноутбук Acer Aspire 3 A315-35-C0T9 NX.A6LER.001,84 999 ₽
Ноутбук Acer Swift 1 SF114-34-C857 NX.A78ER.005,25 999 ₽
Ноутбук ASUS R522MA-BQ862W,25 999 ₽
Ноутбук HP 17-cp0125ur 5D5G5EA,25 999 ₽
Ноутбук игровой Acer Nitro AN517-54-77PS (NH.QFCER.006),25 999 ₽
Ноутбук Acer Swift 3 SF314-43 (NX.AB1ER.00V),25 999 ₽
Ноутбук HP Pavilion 15-eh1097ur 5D5E0EA,25 999 ₽
Ноутбук Acer Swift 3 SF314-42-R7EN NX.HULER.00C,25 999 ₽
Ноутбук игровой ASUS ROG Strix G15 Advantage Edition G513QY-HQ007T,25 999 ₽
Ноутбук для бизнеса Lenovo ThinkBook 15 G2 ITL (20VE00RWRU),25 999 ₽
Ноутбук Apple MacBook Pro 13 M2 8/512GB Silver (MNEQ3),25 999 ₽
Ноутбук-трансформер Acer Spin 1 SP114-31 (NX.ABWER.005),25 999 ₽
Ноутбук Apple MacBook Pro 14 M1 Pro/16/1Tb Space Gray,25 999 ₽
Ноутбук Acer Aspire 1 A114-21-R0ME NX.A7QER.00A,25 999 ₽
Ноутбук HP 15s-fq0094ur (669X9EA),25 999 ₽
Ноутбук HP 15s-eq1436ur (669X8EA),25 999 ₽
Ноутбук-трансформер Irbis NB122,25 999 ₽
Ноутбук ASUS R429MA-BV1505W,25 999 ₽
Ноутбук для бизнеса Lenovo V15 G2 ITL (82KBA002IH),25 999 ₽
Ноутбук ASUS K513EA-L13047W,25 999 ₽
Ноутбук ASUS K3400PA-KM130W,25 999 ₽
Ноутбук игровой Lenovo IdeaPad Gaming 3 (82K1015TRK),25 999 ₽
Ноутбук ASUS R565MA-BR658W,25 999 ₽
Ноутбук HP 15s-fq2110ur 5D5E4EA,25 999 ₽
Ноутбук Honor MagicBook 14 R5/8/512 Space Grey (NMH-WDQ9HN),25 999 ₽
Ноутбук-трансформер Acer Spin 7 SP714-61NA-S6K5 NX.A4NER.001,87 150 ₽
Ноутбук Honor MagicBook 15 R5/16/512 Gray (BMH-WFQ9HN),87 150 ₽
Ноутбук ASUS Zenbook Pro Duo UX482EGR-HY390W (90NB0S51-M001C0),87 150 ₽
Ноутбук игровой MSI Crosshair 15 R6E B12UEZ-611RU,87 150 ₽
Ноутбук Honor MagicBook 15 2021 i5/16/512 Gray (BDR-WFH9HN),87 150 ₽
Ноутбук ASUS Vivobook M513UA-L1553W,87 150 ₽
Ноутбук Honor MagicBook View 14 i5/16/512 Blue (HGE-W56),87 150 ₽
Ноутбук Acer Acer A715-42G-R3FW NH.QDLER.003,87 150 ₽
Ноутбук игровой ASUS TUF Gaming F15 FX506LH-HN082T,87 150 ₽
Ноутбук Irbis NB123,87 150 ₽
Ноутбук-трансформер Lenovo IdeaPad Flex 5 15ITL05 (82HT005ARU),87 150 ₽
Ноутбук ASUS UM5401QA-KN193W(90NB0UR2-M008K0),87 150 ₽
Ноутбук Apple MacBook Air 13 M2 8core/10core 8GB/512GB Space Grey (MLXX3),87 150 ₽
Ноутбук-трансформер Acer Spin 1 SP114-31 (NX.ABGER.004),87 150 ₽
Ноутбук Acer Aspire 3 A315-34-C1JW (NX.HE3ER.00B),87 150 ₽
Ноутбук Acer Swift 1 SF114-34-C564 NX.A74ER.002,87 150 ₽
Ноутбук Apple MacBook Pro 16 M1 Pro/16/512 Space Gray,87 150 ₽
Ноутбук игровой MSI Delta 15 A5EFK-057RU,87 150 ₽
Ноутбук-трансформер Lenovo IdeaPad Flex 3 11ADA05 (82G4002HRU),87 150 ₽
Ноутбук HP Pavilion Aero 13-be0069ur 601C0EA,87 150 ₽
Ноутбук HP 15s-eq2086ur 5D5E2EA,87 150 ₽
Ноутбук ASUS M3500QA-L1066T,87 150 ₽
Ноутбук игровой Haier GG1502X,87 150 ₽
Ноутбук для бизнеса HP 250 G8 2W8Y6EA,87 150 ₽
Ноутбук Irbis NB280,17 999 ₽
Ноутбук Lenovo IdeaPad 3 IP3-15IGL05 (81WQ009JRK),17 999 ₽
Ноутбук HUAWEI MateBook 14 KLVL-W56W 16+512 Space Grey,17 999 ₽
Ноутбук игровой Haier GG1505AD,17 999 ₽
Ноутбук HUAWEI MateBook 14S HKD-W76 16+512 Spruce Green,17 999 ₽
Ноутбук Lenovo V15 G2 ALC 82KD004KUS,17 999 ₽
Ноутбук Apple MacBook Pro 13 M1/8/512 Space Gray,17 999 ₽
Ноутбук ASUS R528EA-BQ2903W(90NB0SG4-M00AX0),17 999 ₽
Ноутбук Haier A1430EM,17 999 ₽
Ноутбук ASUS R565EA-EJ1076T,17 999 ₽
Ноутбук Acer Swift 3 SF314-42-R6NX NX.HSEER.00U,17 999 ₽
Ноутбук ASUS R528EA-BQ2371W,17 999 ₽
Ноутбук Acer Aspire 3 A315-34-C2P9 NX.HE3ER.01S,17 999 ₽
Ноутбук ASUS ZenBook 14X OLED UX5400EA-KN273W,17 999 ₽
Ноутбук Irbis NB657,17 999 ₽
Ноутбук игровой MSI Katana GF66 11UE-639X,17 999 ₽
Ноутбук Digma EVE 10 A200 (ES1052EW),17 999 ₽
Ноутбук ASUS K3400PA-KP001W,17 999 ₽
Ноутбук HUAWEI MateBook D 15 BOD-WDI9 8+256 Space Grey,17 999 ₽
Ноутбук HP Pavilion 15-eh1158ur 601D6EA,17 999 ₽
Ноутбук HP Pavilion 15-eh1159ur 601D7EA,17 999 ₽
Ноутбук Acer Aspire 3 A315-57G NX.HZRER.01V,17 999 ₽
Ноутбук ASUS R565EA-EJ1076W(90NB0TY1-M25310),17 999 ₽
Ноутбук игровой HP Victus 16-e0145u,17 999 ₽
Ноутбук ASUS S533JQ-BQ042T,59 999 ₽
Ноутбук игровой ASUS TUF Gaming F15 FX506HC-HN006,59 999 ₽
Ноутбук игровой HP Victus 16-d0023dx (4U097UA),59 999 ₽
Ноутбук ASUS VivoBook 15 OLED K513EA-L13048W,59 999 ₽
Ноутбук ASUS K513EA-L13049W (90NB0SG1-M00JF0),59 999 ₽
Ноутбук Lenovo IdeaPad 3 15ITL6/82H802BTAK,59 999 ₽
Ноутбук Apple MacBook Pro 14 M1 Pro/16/1Tb Silver,59 999 ₽
Ноутбук игровой Lenovo IdeaPad Gaming 3 15ACH6 (82K2007KRM),59 999 ₽
Ноутбук VAIO NE15V2IN068P Silver,59 999 ₽
Ноутбук Acer Aspire 3 A315-58G (NX.ADVER.009),59 999 ₽
Ноутбук Lenovo IdeaPad 3 14IML05 81WA00G0UE,59 999 ₽
Ноутбук-трансформер HP ENVY x360 Convert 13-bd0011ur 491J6EA,59 999 ₽
Ноутбук Honor MagicBook 14 2021 i7/16/512 Gray (NDR-WFE9HN),59 999 ₽
Ноутбук игровой Thunderobot Zero Ultra (JT009YE07RU),59 999 ₽
Ноутбук игровой HP Victus 16-e0141ur 640H8EA,59 999 ₽
Ноутбук игровой Thunderobot 911 Plus XD (i5-12450H/16GB/SSD512/RTX3050TI/DOS),59 999 ₽
Ноутбук для бизнеса Acer TravelMate P4 TMP414-51-54M6 NX.VPAER.003,59 999 ₽
Ноутбук игровой HP OMEN 16-c0025ur 491M1EA,59 999 ₽
Ноутбук HUAWEI MateBook14 KLVL-W56W (53012NVN) SG,59 999 ₽
Ноутбук ASUS Vivobook R528EA-BQ2908 (90NB0SG4-M00B40),59 999 ₽
Ноутбук Irbis NB510,59 999 ₽
Ноутбук игровой Lenovo IdeaPad Gaming 3 (82K1005ARK),59 999 ₽
Ноутбук Haier P1510SD,59 999 ₽
Ноутбук ASUS M515DA-BQ1247T,59 999 ₽
Ноутбук игровой Thunderobot 911 MT Pro D (i5-12450H/16GB/SSD512/RTX3060/DOS),99 999 ₽
Ноутбук игровой HP Pavilion Gaming 17-cd2081ur,99 999 ₽
Ноутбук игровой Thunderobot 911 Air X (JT009TE07RU),99 999 ₽
Ноутбук игровой HP Victus 16-e0146u,99 999 ₽
Ноутбук Lenovo IdeaPad 3 15IGL05 (81WQ00J9RU),99 999 ₽
Ноутбук ASUS UM535QE-KY191W,99 999 ₽
Ноутбук Apple MacBook Pro 14 M1 Pro 10/16-core/16/512 Silver,99 999 ₽
Ноутбук Irbis NB658,99 999 ₽
Ноутбук Apple MacBook Air 13 M2 8c/8c 16/256GB Space Gray,99 999 ₽
Ноутбук Lenovo IdeaPad 3 14ITL05 (81X700DJRU),99 999 ₽
Ноутбук ASUS E510MA-BR691,99 999 ₽
Ноутбук ASUS R432UA-EC147T,99 999 ₽
Ноутбук HP Pavilion 14-ec0046ur 601C7EA,99 999 ₽
Ноутбук HP Pavilion 14-ec1033ci 6M873EA,99 999 ₽
Ноутбук Acer Aspire 5 A515-45 (NX.A85ER.00Y),99 999 ₽
Ноутбук HUAWEI MateBook D 15 BoD-WDH9 8+512GB Space Grey,99 999 ₽
Ноутбук HP Pavilion 14-ec0002ur 491U8EA,99 999 ₽
Ноутбук ASUS R522MA-EJ891W(90NB0Q64-M003P0),99 999 ₽
Ноутбук ASUS R702MA GML-R-BX237W,99 999 ₽
Ноутбук ASUS ZenBook 14 Flip UP5401EA-KN138W(90NB0V41-M006D0),99 999 ₽
Ноутбук HP 15-dw3170nia 4D4K8EA,99 999 ₽
Ноутбук для бизнеса Lenovo V15 IML (82NB001ERU),99 999 ₽
Ноутбук игровой Lenovo Legion 5 15ITH6 82JK00B9US,99 999 ₽
Ноутбук HP 15-dw3682nia,99 999 ₽
Ноутбук Prestigio SmartBook 141 C6 Metal Grey,19 999 ₽
Ноутбук ASUS ZenBook 14X OLED UM5401QA-KN090W,19 999 ₽
Ноутбук игровой ASUS N7600PC-KV116W,19 999 ₽
Ноутбук для бизнеса Acer Extensa EX215-32-C4FB NX.EGNER.00A,19 999 ₽
Ноутбук игровой MSI Katana GF76 12UE 9S7-17L322-650,19 999 ₽
Ноутбук Lenovo IdeaPad 3 15ITL6/82H800L6AX,19 999 ₽
Ноутбук игровой MSI GF63 Thin 10SCXR-222,19 999 ₽
Ноутбук ASUS UX425EA-KI990W,19 999 ₽
Ноутбук игровой HP Victus 16-e0151ur 638F6EA,19 999 ₽
Ноутбук игровой LYAMBDA LLT173M01DJNS_BK,19 999 ₽
Ноутбук для бизнеса ASUS ExpertBook B1 B1500CEAE-EJ1564R,19 999 ₽
Ноутбук HP Pavilion Aero 13-be0027ur 491J9EA,19 999 ₽
Ноутбук HP 15s-fq5047ci 6K3C5EA,19 999 ₽
Ноутбук Haier i1500SD,19 999 ₽
Ноутбук Haier U1520EM,19 999 ₽
Ноутбук Apple MacBook Pro 14 M1 Pro/16/1Tb Space Gray MKGQ3CH/A,19 999 ₽
Ноутбук Lenovo IdP 3 15ITL6/82H800L7AX,19 999 ₽
Ноутбук ASUS R465EA-EB734T,19 999 ₽
Ноутбук ASUS R565JF-BR295T,19 999 ₽
Ноутбук ASUS E210MA-GJ320T,19 999 ₽
Ноутбук HP 15-dw1279nia (3A9J9EA),19 999 ₽
Ноутбук Lenovo IdeaPad 3 15IML05/81WB0109AX,19 999 ₽
Ноутбук Lenovo IdeaPad 3 15ITL6 (82H800GJRK),19 999 ₽
Ноутбук игровой ASUS TUF Dash FX517ZM-AS73,19 999 ₽
Ноутбук ASUS S433JQ-EB257T,59 999 ₽
Ноутбук ASUS R465KA-EK060W(90NB0VH2-M001B0),59 999 ₽
Ноутбук Digma EVE 14 C415 Silver (ES4061EW),59 999 ₽
Ноутбук игровой Lenovo Legion 5 17ACH6H (82JY00HWRK),59 999 ₽
Ноутбук игровой Lenovo IdeaPad Gaming 3 15IMH05 81Y40173RU,59 999 ₽
Ноутбук Irbis NB286,59 999 ₽
Ноутбук Apple MacBook Pro 16 M1 Pro/16/1Tb Space Gray,59 999 ₽
Ноутбук для бизнеса HP 250 G7 1F3L2EA,59 999 ₽
Ноутбук ASUS VivoBook 15 X515EA-BQ1189W,59 999 ₽
Ноутбук ASUS K413JA-AM545T,59 999 ₽
Ноутбук для бизнеса Acer Extensa EX215-32-C7N5 NX.EGNER.006,59 999 ₽
Ноутбук ASUS Vivobook Go 14 Flip TP1401KA-BZ093W,59 999 ₽
Ноутбук Prestigio SmartBook 141 C7 Metal Grey,59 999 ₽
Ноутбук HUAWEI MateBook 14S HKF-X 53013EDV Space Gray,59 999 ₽
Ноутбук MSI Modern 14 9S7-14D334-1234,59 999 ₽
Ноутбук игровой GIGABYTE G5 GD-51EE123SO,59 999 ₽
Ноутбук Prestigio SmartBook 141 C6 Dark Grey,59 999 ₽
Ноутбук Prestigio SmartBook 141 C7 Dark Grey,59 999 ₽
Ноутбук Irbis NB269,59 999 ₽
Ноутбук для бизнеса HP 250 G7 2V0G1ES,59 999 ₽
Ноутбук Lenovo ThinkPad X1 Fold Gen 1 (20RL0018RT),59 999 ₽
Ноутбук игровой ASUS TUF Gaming A15 FA506IHR-US51 90NR07G6-M004F0,59 999 ₽
Ноутбук ASUS TUF Gaming A15 FX506HCB-US51,59 999 ₽
Ноутбук ASUS Zenbook Duo 14 UX482EG-HY258T,59 999 ₽
Ноутбук Haier U1520SM,20 799 ₽
Ноутбук игровой ASUS TUF Gaming A15 FA507RR-HQ007,20 799 ₽
Ноутбук игровой LYAMBDA LLT173P01BGMR_BK,20 799 ₽
Ноутбук ASUS VivoBook 15 X512DA-BQ303WS 90NB0LZ6-M001F0 Peacock Blue,20 799 ₽
Ноутбук Lenovo IdP 3 15IML05/81WB0101UE,20 799 ₽
Ноутбук игровой LYAMBDA LLT156P01BELP_BK,20 799 ₽
Ноутбук Irbis NB265,20 799 ₽
Ноутбук игровой HP Pavilion Gaming 17-cd2080ur,20 799 ₽
Ноутбук Lenovo IdeaPad 3 17ITL6 82H900DTUS,20 799 ₽
Ноутбук игровой MSI GF63 Thin 11UC 9S7-16R612-1062,20 799 ₽
Ноутбук игровой Lenovo IdeaPad L340-15IRH Gaming 81LK01RKRK,20 799 ₽
Ноутбук Irbis NB288,20 799 ₽
Ноутбук игровой Lenovo Legion 5 Pro 16ITH6 (82JF007BAX),20 799 ₽
Ноутбук игровой Thunderobot 911 Plus Pro SD (JT0095E09RU),20 799 ₽
Ноутбук игровой Lenovo Legion 5 15ITH6 (82JK004EFE),20 799 ₽
Ноутбук Lenovo IdeaPad 3 15IML05/81WB010DAX,20 799 ₽
Ноутбук VAIO NE15V2IN072P White,20 799 ₽
Ноутбук Irbis NB284,20 799 ₽
Ноутбук ASUS S433JQ-EB142T,20 799 ₽
Ноутбук Honor MagicBook 15 R5/8/512 Gray (BMH-WDQ9HN),20 799 ₽
Ноутбук-трансформер Lenovo IdeaPad Flex 5 14ITL05 82HS00GTUE,20 799 ₽
Ноутбук игровой Lenovo IdeaPad Gaming 3 15ACH6 (82K201U9RK),20 799 ₽
Ноутбук игровой Thunderobot Zero Max (JT009VE07RU),20 799 ₽
Ноутбук Lenovo IdeaPad 3 15IGL05 81WQ00H2UE,20 799 ₽
Ноутбук для бизнеса Lenovo V130-15IGM 81HL004FAK,24 999 ₽
Ноутбук Apple MacBook Pro 16 M1 Pro 10/16-core/32/1TB SpaceGray,24 999 ₽
Ноутбук игровой ASUS TUF Dash F15 FX517ZE-HN046,24 999 ₽
Ноутбук VAIO NE15V2IN071P Green,24 999 ₽
Ноутбук HP 15-dw3212nia 4H593EA,24 999 ₽
Ноутбук Lenovo IdeaPad 3 14ALC6 82KT002YRK,24 999 ₽
Ноутбук Irbis NB259,24 999 ₽
Ноутбук игровой Lenovo Legion 5 17ACH6H (82JY00J1RK),24 999 ₽
Ноутбук-трансформер Lenovo IdeaPad Flex 5 14ITL05/82HS00TQUE,24 999 ₽
Ноутбук для бизнеса Lenovo V15 G2 ITL/82KB00YMUE,24 999 ₽
Ноутбук игровой GIGABYTE AORUS 5 SE4-73EE213SH,24 999 ₽
Ноутбук игровой Lenovo Legion 5 15ITH6 (82JK006XAX),24 999 ₽
Ноутбук Lenovo IdeaPad 5 15ITL05 82FG0165US,24 999 ₽
Ноутбук Honor MagicBook 16 R5/16/512 Grey (HYM-W56),24 999 ₽
Ноутбук Lenovo IdeaPad 3 15IGL05/81WQ005WFE,24 999 ₽
Ноутбук ASUS A571GT-HN1104 Star Black,24 999 ₽
Ноутбук игровой LYAMBDA LLT173P01BFMR_BK,24 999 ₽
Ноутбук ASUS Vivobook S15 OLED M3502QA-MA034W,24 999 ₽
Ноутбук Acer A315-34-C5XL NX.HE3EM.00J,24 999 ₽
Ноутбук HP 15-dw1006ny,24 999 ₽
Ноутбук Lenovo IdP 3 14IGL05/81WH008EUE,24 999 ₽
Ноутбук игровой Acer Nitro 5 AN515-45-R2HE (NH.QBCER.005),24 999 ₽
Ноутбук Apple MacBook Air 13 M2 16/256GB Starlight (Z15Y000KQ),24 999 ₽
Ноутбук Apple MacBook Air 13 M2 16/256GB Midnight (Z160000KQ),24 999 ₽
Ноутбук игровой GIGABYTE G5 KD-52 123SO,97 999 ₽
Ноутбук игровой HP Omen 16-c0045ur (4E1R9EA),97 999 ₽
Ноутбук-трансформер Lenovo IdeaPad Flex 5 14ITL05/82HS00GQUE,97 999 ₽
Ноутбук VAIO NE15V2IN067P Black,97 999 ₽
Ноутбук VAIO NE15V2IN070P Pink,97 999 ₽
Ноутбук для бизнеса Lenovo ThinkBook 15 G2 ITL 20VE0120UE,97 999 ₽
Ноутбук Lenovo IdP 1 11IGL05/81VT006CUE,97 999 ₽
Ноутбук Acer Aspire 5 A514-54-501Z NX.A25AA.002,97 999 ₽
Ноутбук игровой LYAMBDA LLT173M01CJMR_BK,97 999 ₽
Ноутбук Lenovo IdP 1 11IGL05/81VT008CUE,97 999 ₽
Ноутбук для бизнеса Lenovo ThinkBook 13s G2 ITL 20V9A038IH,97 999 ₽
Ноутбук игровой Dell G15 5511 Reg.Model P105F,97 999 ₽
Ноутбук игровой Acer Nitro 5 AN517-55 NH.QFWER.006,97 999 ₽
Ноутбук игровой LYAMBDA LLT156M01DJNS_BK,97 999 ₽
Ноутбук игровой Lenovo Legion 5 Pro 16ACH6H (82JQ010BRK),97 999 ₽
Ноутбук HP 15-dw1197nia (39A48EA),97 999 ₽
Ноутбук игровой HP Victus 16-e1050ci,97 999 ₽
Ноутбук игровой HP Victus 16-e1049ci (6M8B1EA),97 999 ₽
Ноутбук для бизнеса Lenovo ThinkPad E15 Gen4 21E6007QUS,97 999 ₽
Ноутбук VAIO NE15V2IN069P Blue,97 999 ₽
Ноутбук для бизнеса Lenovo V15 G1 IML 82NB003LUK,97 999 ₽
Ноутбук Lenovo IdP 1 14IGL05/81VU00FXUE,97 999 ₽
Ноутбук Lenovo V15 IGL 82C30036UK,97 999 ₽
Ноутбук игровой MSI Crosshair 17 B12UGSZ 9S7-17L352-652,97 999 ₽
Ноутбук игровой Acer Nitro 5 AN515-58-53W9 NH.QFMER.006,109 999 ₽
Ноутбук игровой MSI Katana GF76 12UE 9S7-17L324-651,109 999 ₽
Ноутбук для бизнеса Lenovo V15 IGL 82C3000CUE,109 999 ₽
Ноутбук Lenovo IdeaPad 3 15ITL6/82H80192AX,109 999 ₽
Ноутбук Lenovo IdP 3 14IML05/81WA00G5UE,109 999 ₽
Ноутбук HP 14-fq1025nr 51N12UA,109 999 ₽
Ноутбук HP 15-dw1008ny 4C8L3EA,109 999 ₽
Ноутбук игровой Lenovo Legion 5 15ACH6H (82JU018VRK),109 999 ₽
Ноутбук-трансформер MSI Summit E13 FlipEvo A12MT (9S7-13P312-073),109 999 ₽
Ноутбук HP 15s-fq5017nia 6G3P7EA,109 999 ₽
Ноутбук игровой MSI Vector GP76 12UGS 9S7-17K414-885,109 999 ₽
Ноутбук ASUS TUF Gaming A15 FA506IE-US73,109 999 ₽
Ноутбук ASUS VivoBook 15 X512DA-BQ302WS 90NB0LZ3-M001J0 Slate Grey,109 999 ₽
Ноутбук для бизнеса Lenovo V14 ADA 82C60072UE,109 999 ₽
Ноутбук игровой GIGABYTE AORUS 17G XD-73UK325SH,109 999 ₽
Ноутбук игровой HP Victus 16-d1074c 6X7Q8EA,109 999 ₽
Ноутбук HP 14s-dq2075nia 3B9Z5EA,109 999 ₽
Ноутбук Lenovo IdeaPad 3 14ALC6 82KT00GVUS,109 999 ₽
Ноутбук игровой Lenovo IdeaPad Gaming 3 15IHU6 82K1015EUS,109 999 ₽
Ноутбук игровой GIGABYTE G5 GD-51EE123SH,109 999 ₽
Ноутбук для бизнеса Lenovo ThinkPad E15 Gen 4 21E6008UUE,109 999 ₽
Ноутбук HP dw1495nia 6J5C0EA,109 999 ₽
Ноутбук HP 15-dw1212nia 258K3EA,109 999 ₽
Ноутбук Acer A315-58G-72KY (NX.ADUEM.00N),109 999 ₽
Ноутбук для бизнеса Lenovo V14 G2 ITL 82KA00KNUS,64 999 ₽
Ноутбук Honor MagicBook 16 R5/16/512 Silver (HYM-W56),64 999 ₽
Ноутбук игровой HP Victus 16-e0052ur 4L679EA,64 999 ₽
Ноутбук игровой MSI Raider GE76 12UGS-681RU,64 999 ₽
Ноутбук для бизнеса HP EliteBook 830 G8 3C6F7ES,64 999 ₽
Ноутбук для бизнеса Lenovo ThinkPad E14 Gen 4 21E3003RUE,64 999 ₽
Ноутбук Acer A315-58G-5182 (NX.ADUEM.00G),64 999 ₽
Ноутбук для бизнеса Lenovo ThinkPad L14 Gen 2 20X1006FUS,64 999 ₽
Ноутбук HP 15-dw3683nia 6W1E4EA,64 999 ₽
Ноутбук для бизнеса HP ProBook 450 G9 5Y3T2EA,64 999 ₽
Ноутбук HP Pavillion 14-ec1032ci (6M872EA),64 999 ₽
Ноутбук Lenovo IdeaPad 3 15IGL05 81WQ007KUE,64 999 ₽
Ноутбук Lenovo V14 G2 ITL 82KA00NFUK,64 999 ₽
Ноутбук Irbis NB70,64 999 ₽
Ноутбук для творчества ASUS ProArt Studiobook Pro 16 OLED W7600H3A-L2025W,64 999 ₽
Ноутбук HP Pavilion 14-ec0010ur 491K0EA,64 999 ₽
Ноутбук HUAWEI MateBook 14S HKD-W76 16+512GB Space Grey,64 999 ₽
Ноутбук Apple MacBook Pro 14 M1 Pro 10/14-core/16/512 Silver,64 999 ₽
Ноутбук для бизнеса HP 340S G7 9TX20EA,64 999 ₽
Ноутбук ASUS VivoBook 15 R528EP-BQ438T,64 999 ₽
Ноутбук Apple MacBook Pro 14 M1 Pro 8/14-core/32/8TB Silver,64 999 ₽
Ноутбук ASUS VivoBook 15 X513EA-BQ2445X,64 999 ₽
Ноутбук для бизнеса Acer Extensa 15 EX215-32-P0N2 (NX.EGNER.004),64 999 ₽
Ноутбук для бизнеса HP 240 G7 175S0EA,64 999 ₽
Ноутбук для бизнеса HP 240 G8 43W81EA,43 999 ₽
Ноутбук для творчества MSI Creator Z17 A12UGST-255RU,43 999 ₽
Ноутбук игровой MSI Katana G76 12UE-657XRU,43 999 ₽
Ноутбук игровой MSI Katana G76 12UD-263RU,43 999 ₽
Ноутбук игровой MSI Katana GF66 11SC-1258XRU,43 999 ₽
Ноутбук игровой MSI Katana G76 12UE-660RU,43 999 ₽
Ноутбук игровой MSI Katana GF66 12UE-1084RU,43 999 ₽
Ноутбук игровой MSI Katana GF76 12UGSO-658RU,43 999 ₽
Ноутбук игровой MSI Katana GF76 12UC-286XRU,43 999 ₽
Ноутбук игровой MSI Raider GE77HX 12UGS-221RU,43 999 ₽
Ноутбук для бизнеса MSI Prestige 15 A12SC-220RU,43 999 ₽
Ноутбук-трансформер MSI Summit E13 Flip Evo A12MT-075RU,43 999 ₽
Ноутбук игровой MSI Stealth GS77 12UGS-082RU,43 999 ₽
Ноутбук-трансформер MSI Summit E16 Flip Evo A12MT-203RU,43 999 ₽
Ноутбук игровой MSI Crosshair 15 R6E B12UEZ-611RU,43 999 ₽
Ноутбук игровой MSI Vector GP76 12UGSO-887RU,43 999 ₽
Ноутбук игровой Acer Nitro 5 AN515-46-R03R NH.QGZER.002,43 999 ₽
Ноутбук игровой MSI Katana G76 11SC-677XRU,43 999 ₽
Ноутбук Lenovo IdeaPad 1 15ADA7 (82R10055RK),43 999 ₽
Ноутбук игровой Lenovo Legion 5 Pro 16IAH7H (82RF00H9RK),43 999 ₽
Ноутбук Lenovo IdeaPad 1 15ADA7 (82R10052RK),43 999 ₽
Ноутбук игровой Lenovo IdeaPad Gaming 3 16IAH7 (82SA00DHRK),43 999 ₽
Ноутбук Lenovo IdeaPad 3 15ABA7 (82RN00AKRK),43 999 ₽
Ноутбук для бизнеса Lenovo V14 G2 ITL (82KA001DRU),43 999 ₽
Ноутбук для бизнеса HP ProBook 450 G8 2E9G0EA,59 999 ₽
Ноутбук ASUS Vivobook X515EA-BQ1461W,59 999 ₽
Ноутбук игровой MSI GL66 Pulse 11UDK-420XRU,59 999 ₽
Ноутбук MSI PRESTIGE 14 A11SC-079RU(9S7-14C511-079),59 999 ₽
Ноутбук для бизнеса Acer Extensa EX215-22-R06J NX.EG9ER.012,59 999 ₽
Ноутбук Lenovo IdeaPad 3 15ALC6 (82KU00JQRK),59 999 ₽
Ноутбук Dell Vostro 3515-5418,59 999 ₽
Ноутбук Lenovo IdeaPad 3 15ADA05 (81W101AJRU),59 999 ₽
Ноутбук ASUS Vivobook X415JF-EK155T,59 999 ₽
Ноутбук Acer Extensa EX215-22-R8M5 NX.EG9ER.01B,59 999 ₽
Ноутбук ASUS Vivobook X415EA-EK609T,59 999 ₽
Ноутбук Dell Vostro 3500-7404,59 999 ₽
Ноутбук для бизнеса HP 255 G8 3V5H9EA,59 999 ₽
Ноутбук HP 15S-EQ2069UR(4D4A7EA),59 999 ₽
Ноутбук игровой MSI GL66 Pulse 11UCK-421RU,59 999 ₽
Ноутбук Acer Extensa EX215-22-R2BT NX.EG9ER.00T,59 999 ₽
Ноутбук игровой MSI GE63 Raider RGB 8SG-230RU,59 999 ₽
Ноутбук Acer EX215-22-R59X,59 999 ₽
Ноутбук HP 15s-eq2039ur,59 999 ₽
Ноутбук ASUS Vivobook Go 14 E410MA-EK1281W (90NB0Q11-M41630),59 999 ₽
Ноутбук Lenovo V15 G2 ALC 82KD002RRU,59 999 ₽
Ноутбук Lenovo IdeaPad 5 15ALC05 (82LN00P8RE),59 999 ₽
Ноутбук HP 250 G8 4K7Z0EA,59 999 ₽
Ноутбук Lenovo 82C7000YRU,59 999 ₽
Ноутбук Acer Extensa EX215-22-R842 (NX.EG9ER.00C),38 999 ₽
Ноутбук HP Omen 16-b1017ci 6M883EA,38 999 ₽
Ноутбук HP 255 G8 3V5M0EA,38 999 ₽
Ноутбук HP 250 G8 2E9H4EA,38 999 ₽
Ноутбук Dell Latitude 7320-6510,38 999 ₽
Ноутбук Dell Vostro 3515-5548,38 999 ₽
Ноутбук-трансформер MSI Summit E13 Flip EVO A11MT-230RU,38 999 ₽
Ноутбук HP 255 G8 45M87ES,38 999 ₽
Ноутбук игровой HP VICTUS 16-E0077UR 4E1K9EA,38 999 ₽
Ноутбук MSI PRESTIGE 15 A11UC-070RU(9S7-16S711-070),38 999 ₽
Ноутбук Lenovo ThinkPad X390 (20Q0000KRT),38 999 ₽
Ноутбук Dell Vostro 5510-2682,38 999 ₽
Ноутбук игровой MSI Pulse GL66 12UGK-257RU,38 999 ₽
Ноутбук Dell Vostro 3510-5128,38 999 ₽
Ноутбук Dell Vostro 3515-5425,38 999 ₽
Ноутбук игровой MSI Bravo 15 B5DD-220RU,38 999 ₽
Ноутбук для бизнеса Acer Extensa EX215-22-A2DW NX.EG9ER.00B,38 999 ₽
Ноутбук для бизнеса Acer Extensa EX215-22-R0VC NX.EG9ER.00E,38 999 ₽
Ноутбук Lenovo IdeaPad 3 15ITL6 (82HL0038RK),38 999 ₽
Ноутбук для бизнеса Lenovo V14 IIL (82C400SFRU),38 999 ₽
Ноутбук игровой HP Omen 17-CK0026UR (4E1T9EA),38 999 ₽
Ноутбук Acer Extensa EX215-52-74UV NX.EG8ER.00R,38 999 ₽
Ноутбук Acer Aspire 3 A315-56-33Z3 (NX.HS6ER.00J),38 999 ₽
Ноутбук-трансформер MSI Summit E16 Flip A11UCT-091RU,38 999 ₽
Ноутбук HP 17-cp0140ur 61R60EA,68 999 ₽
Ноутбук игровой ASUS TUF Dash F15 FX517ZM-HN093,68 999 ₽
Ноутбук игровой ASUS TUF Gaming A15 FA506IHRB-HN082,68 999 ₽
Ноутбук Lenovo V15 G2 ALC 82KD002SRU,68 999 ₽
Ноутбук HUAWEI MateBook B3-420 (53012AMR) grey space,68 999 ₽
"Ноутбук Apple MacBook Pro 16"" (M1 Pro, 2021) MK1F3",68 999 ₽
"Ноутбук Apple MacBook Pro 14"" (M1 Pro 10C, 2021) MKGP3",68 999 ₽
"Ноутбук Apple MacBook Pro 14"" (M1 Pro 10C, 2021) MKGR3",68 999 ₽
"Ноутбук Apple MacBook Air (M2, 2022) MLY03",68 999 ₽
Ноутбук MSI Delta 15 A5EFK-062X (9S7-15CK11-062) серый,68 999 ₽
"Ноутбук Apple MacBook Air (M1, 2020) MGN63",68 999 ₽
Ноутбук Apple MacBook Air 13.3 Space Gray (MGN63LL/A),68 999 ₽
Ноутбук Haier U1520HD черный,68 999 ₽
"Ноутбук Apple MacBook Pro 14"" (M1 Pro 10C, 2021) MKGT3",68 999 ₽
Ноутбук Apple MacBook Air 13 Late 2020 Silver (MGN93LL/A),68 999 ₽
Ноутбук Acer Aspire 3 A315-58-383A NX.ADDEP.01S,68 999 ₽
Ноутбук ASUS TP1401KA-EC095W,68 999 ₽
Ноутбук Apple MacBook Air 13 M2 8c/10c 8GB/512GB Space Grey,68 999 ₽
Ноутбук HUAWEI MateBook B5-430 (53012KFS) grey,68 999 ₽
Ноутбук Apple Macbook Pro 16 Space Gray (MK183RU/A),68 999 ₽
Ноутбук ASUS TP1400KA-EC109W,68 999 ₽
Ноутбук ASUS VivoBook 15 K513EA-L11994W,68 999 ₽
Ноутбук HP 15-DB1240UR (22N10EA),68 999 ₽
Ноутбук ASUS TUF A15 FA507RE-HN022 90NR08Y2-M00160,68 999 ₽
Ноутбук Lenovo IdeaPad 3 15ITL6 82H8005FRK,37 790 ₽
Ноутбук realme CloudPro002 (6660091),37 790 ₽
Ноутбук Apple MacBook Air 13.6 Mid 2022 Silver (MLXY3LL/A),37 790 ₽
Ноутбук Apple MacBook Air 13.6 Mid 2022 Starlight (MLY13LL/A),37 790 ₽
Ноутбук Apple MacBook Air 13.6 Mid 2022 Starlight (MLY23LL/A),37 790 ₽
Ноутбук Apple MacBook Air 13 M2 8/256GB Midnight (MLY33),37 790 ₽
Ноутбук ASUS VivoBook X515JA-EJ2528 (90NB0SR2-M001Y0) silver,37 790 ₽
Ноутбук ASUS M3401QA-KM099W 90NB0VZ2-M001P0,37 790 ₽
Ноутбук realme RMNB1002 (6660304),37 790 ₽
"Ноутбук Apple MacBook Pro 16"" (M1 Pro, 2021) MK183",37 790 ₽
Ноутбук ASUS TUF Gaming F15 FX506LHB-HN323,37 790 ₽
"Ноутбук Apple MacBook Air (M1, 2020) MGND3",37 790 ₽
Ноутбук Lenovo V15 G2 ALC 82KD0031RU черный,37 790 ₽
Ноутбук ASUS UX5401EA-KN146W 90NB0UQ1-M005H0,37 790 ₽
Ноутбук Lenovo IdeaPad 3 15ITL6 82H801QLRK,37 790 ₽
Ноутбук HP 15s-fq2011ur (2X1R7EA),37 790 ₽
Ноутбук Lenovo IdeaPad 3 82HL005VRK,37 790 ₽
Ноутбук Acer A315-56-33Z3 (NX.HS6ER.00J),37 790 ₽
Ноутбук Apple MacBook Air 13 M2 8/256GB Space Grey (MLXW3),37 790 ₽
Ноутбук Maibenben X558 156 (X558FSGCLGRE0),37 790 ₽
Ноутбук Acer Aspire 3 A315-23-R13T (NX.HVTER.00K) Silver black,37 790 ₽
Ноутбук HUAWEI MateBook B3-520 (53012KFG) space grey,37 790 ₽
Ноутбук ASUS X409FA-BV606 (90NB0MS1-M09600),37 790 ₽
Ноутбук realme RMNB1002 (6660305),37 790 ₽
